timestamp_utc,solar_radiation_wm2
2025-10-19T18:15,0.0
2025-10-19T18:15,0.0
2025-10-19T19:00,0.0
2025-10-19T20:15,0.0
2025-10-19T21:15,0.0
2025-10-19T22:15,0.0
2025-10-19T23:15,0.0
2025-10-20T01:30,0.0
2025-10-20T03:15,0.0
2025-10-20T04:15,0.0
2025-10-20T05:15,0.0
2025-10-20T06:30,0.0
2025-10-20T07:15,10.0
2025-10-20T08:15,24.0
2025-10-20T09:15,110.0
2025-10-20T10:15,185.0
2025-10-20T11:15,19.0
2025-10-20T12:30,82.0
2025-10-20T13:15,138.0
2025-10-20T14:15,61.0
2025-10-20T15:15,36.0
2025-10-20T16:15,41.0
2025-10-20T17:15,0.0
2025-10-20T18:15,0.0
2025-10-20T19:15,0.0
2025-10-20T20:15,0.0
2025-10-20T21:15,0.0
2025-10-20T22:15,0.0
2025-10-20T23:15,0.0
2025-10-21T01:15,0.0
2025-10-21T03:00,0.0
2025-10-21T04:15,0.0
2025-10-21T05:15,0.0
2025-10-21T06:15,0.0
2025-10-21T07:15,31.0
2025-10-21T08:15,113.0
2025-10-21T09:15,220.0
2025-10-21T10:15,256.0
2025-10-21T11:15,242.0
2025-10-21T12:30,233.0
2025-10-21T13:30,289.0
2025-10-21T14:15,148.0
2025-10-21T15:15,55.0
2025-10-21T16:15,30.0
2025-10-21T17:15,0.0
2025-10-21T18:15,0.0
2025-10-21T19:15,0.0
2025-10-21T20:15,0.0
2025-10-21T21:15,0.0
2025-10-21T22:15,0.0
2025-10-21T23:15,0.0
2025-10-22T01:15,0.0
2025-10-22T03:00,0.0
2025-10-22T04:15,0.0
2025-10-22T05:15,0.0
2025-10-22T06:15,0.0
2025-10-22T07:15,22.0
2025-10-22T08:15,68.0
2025-10-22T09:15,114.0
2025-10-22T10:15,139.0
2025-10-22T11:15,187.0
2025-10-22T12:30,328.0
2025-10-22T13:30,216.0
2025-10-22T14:15,244.0
2025-10-22T15:15,139.0
2025-10-22T16:15,31.0
2025-10-22T17:15,0.0
2025-10-22T18:15,0.0
2025-10-22T19:15,0.0
2025-10-22T20:15,0.0
2025-10-22T21:00,0.0
2025-10-22T22:15,0.0
2025-10-22T23:15,0.0
2025-10-23T01:15,0.0
2025-10-23T03:00,0.0
2025-10-23T04:15,0.0
2025-10-23T05:15,0.0
2025-10-23T06:15,0.0
2025-10-23T07:15,4.0
2025-10-23T08:15,19.0
2025-10-23T09:15,40.0
2025-10-23T10:15,116.0
2025-10-23T11:15,124.0
2025-10-23T12:30,232.0
2025-10-23T13:30,138.0
2025-10-23T14:15,187.0
2025-10-23T15:15,113.0
2025-10-23T16:15,10.0
2025-10-23T17:15,0.0
2025-10-23T18:15,0.0
2025-10-23T19:15,0.0
2025-10-23T20:15,0.0
2025-10-23T21:15,0.0
2025-10-23T22:15,0.0
2025-10-23T23:15,0.0
2025-10-24T01:15,0.0
2025-10-24T02:45,0.0
2025-10-24T03:30,0.0
2025-10-24T04:15,0.0
2025-10-24T05:15,0.0
2025-10-24T06:15,0.0
2025-10-24T07:15,32.0
2025-10-24T08:15,160.0
2025-10-24T09:15,285.0
2025-10-24T10:15,372.0
2025-10-24T11:15,410.0
2025-10-24T12:30,264.0
2025-10-24T13:30,284.0
2025-10-24T14:15,234.0
2025-10-24T15:15,158.0
2025-10-24T16:15,47.0
2025-10-24T17:15,0.0
2025-10-24T18:30,0.0
2025-10-24T19:15,0.0
2025-10-24T20:15,0.0
2025-10-24T21:15,0.0
2025-10-24T22:15,0.0
2025-10-24T23:15,0.0
2025-10-25T01:15,0.0
2025-10-25T03:00,0.0
2025-10-25T04:15,0.0
2025-10-25T05:15,0.0
2025-10-25T06:15,0.0
2025-10-25T07:15,14.0
2025-10-25T08:15,77.0
2025-10-25T09:15,228.0
2025-10-25T10:15,310.0
2025-10-25T11:00,129.0
2025-10-25T12:30,187.0
2025-10-25T13:15,333.0
2025-10-25T14:15,127.0
2025-10-25T15:15,145.0
2025-10-25T16:15,51.0
2025-10-25T17:15,0.0
2025-10-25T18:15,0.0
2025-10-25T19:00,0.0
2025-10-25T20:15,0.0
2025-10-25T21:15,0.0
2025-10-25T22:15,0.0
2025-10-25T23:15,0.0
2025-10-26T01:30,0.0
2025-10-26T03:00,0.0
2025-10-26T04:15,0.0
2025-10-26T05:15,0.0
2025-10-26T06:15,0.0
2025-10-26T07:15,28.0
2025-10-26T08:15,152.0
2025-10-26T09:15,276.0
2025-10-26T10:15,366.0
2025-10-26T11:00,408.0
2025-10-26T12:30,262.0
2025-10-26T13:15,164.0
2025-10-26T14:15,65.0
2025-10-26T15:15,36.0
2025-10-26T16:15,11.0
2025-10-26T17:15,0.0
2025-10-26T18:15,0.0
2025-10-26T19:00,0.0
2025-10-26T20:15,0.0
2025-10-26T21:15,0.0
2025-10-26T22:15,0.0
2025-10-26T23:15,0.0
2025-10-27T01:30,0.0
2025-10-27T03:15,0.0
2025-10-27T04:15,0.0
2025-10-27T05:15,0.0
2025-10-27T06:30,0.0
2025-10-27T07:15,21.0
2025-10-27T08:15,126.0
2025-10-27T09:15,223.0
2025-10-27T10:15,228.0
2025-10-27T11:15,164.0
2025-10-27T12:30,145.0
2025-10-27T13:30,187.0
2025-10-27T14:15,241.0
2025-10-27T15:15,140.0
2025-10-27T16:15,30.0
2025-10-27T17:15,0.0
2025-10-27T18:15,0.0
2025-10-27T19:15,0.0
2025-10-27T20:15,0.0
2025-10-27T21:15,0.0
2025-10-27T22:15,0.0
2025-10-27T23:15,0.0
2025-10-28T01:15,0.0
2025-10-28T03:00,0.0
2025-10-28T04:15,0.0
2025-10-28T05:15,0.0
2025-10-28T06:30,0.0
2025-10-28T07:15,12.0
2025-10-28T08:15,81.0
2025-10-28T09:15,143.0
2025-10-28T10:15,262.0
2025-10-28T11:15,349.0
2025-10-28T12:30,294.0
2025-10-28T13:30,291.0
2025-10-28T14:15,180.0
2025-10-28T15:15,103.0
2025-10-28T16:15,25.0
2025-10-28T17:15,0.0
2025-10-28T18:30,0.0
2025-10-28T19:15,0.0
2025-10-28T20:15,0.0
2025-10-28T21:15,0.0
2025-10-28T22:15,0.0
2025-10-28T23:15,0.0
2025-10-29T01:30,0.0
2025-10-29T03:15,0.0
2025-10-29T04:15,0.0
2025-10-29T05:15,0.0
2025-10-29T06:30,0.0
2025-10-29T07:15,8.0
2025-10-29T08:15,35.0
2025-10-29T09:15,56.0
2025-10-29T10:15,58.0
2025-10-29T11:15,87.0
2025-10-29T12:30,76.0
2025-10-29T13:30,35.0
2025-10-29T14:15,38.0
2025-10-29T15:15,46.0
2025-10-29T16:15,5.0
2025-10-29T17:15,0.0
2025-10-29T18:15,0.0
2025-10-29T19:15,0.0
2025-10-29T20:15,0.0
2025-10-29T21:15,0.0
2025-10-29T22:15,0.0
2025-10-29T23:15,0.0
2025-10-30T01:30,0.0
2025-10-30T03:00,0.0
2025-10-30T04:15,0.0
2025-10-30T05:15,0.0
2025-10-30T06:15,0.0
2025-10-30T07:15,16.0
2025-10-30T08:15,128.0
2025-10-30T09:15,243.0
2025-10-30T10:15,236.0
2025-10-30T11:15,269.0
2025-10-30T12:30,219.0
2025-10-30T13:30,201.0
2025-10-30T14:15,117.0
2025-10-30T15:15,80.0
2025-10-30T16:15,14.0
2025-10-30T17:15,0.0
2025-10-30T18:15,0.0
2025-10-30T19:15,0.0
2025-10-30T20:15,0.0
2025-10-30T21:15,0.0
2025-10-30T22:15,0.0
2025-10-31T01:15,0.0
2025-10-31T03:00,0.0
2025-10-31T04:15,0.0
2025-10-31T05:15,0.0
2025-10-31T06:15,0.0
2025-10-31T07:15,8.0
2025-10-31T08:15,66.0
2025-10-31T09:15,126.0
2025-10-31T10:15,104.0
2025-10-31T11:15,122.0
2025-10-31T12:30,181.0
2025-10-31T13:15,148.0
2025-10-31T14:15,97.0
2025-10-31T15:15,113.0
2025-10-31T16:15,25.0
2025-10-31T17:15,0.0
2025-10-31T18:15,0.0
2025-10-31T19:00,0.0
2025-10-31T20:15,0.0
2025-10-31T21:15,0.0
2025-10-31T22:15,0.0
2025-10-31T23:15,0.0
2025-11-01T01:30,0.0
2025-11-01T03:00,0.0
2025-11-01T04:15,0.0
2025-11-01T05:15,0.0
2025-11-01T06:15,0.0
2025-11-01T07:15,6.0
2025-11-01T08:15,73.0
2025-11-01T09:15,212.0
2025-11-01T10:15,281.0
2025-11-01T11:00,346.0
2025-11-01T12:30,253.0
2025-11-01T13:15,259.0
2025-11-01T14:15,210.0
2025-11-01T15:15,125.0
2025-11-01T16:15,20.0
2025-11-01T17:00,0.0
2025-11-01T18:15,0.0
2025-11-01T19:00,0.0
2025-11-01T20:15,0.0
2025-11-01T21:15,0.0
2025-11-01T22:15,0.0
2025-11-01T23:15,0.0
2025-11-02T01:30,0.0
2025-11-02T03:15,0.0
2025-11-02T04:15,0.0
2025-11-02T05:15,0.0
2025-11-02T06:15,0.0
2025-11-02T07:15,2.0
2025-11-02T08:15,36.0
2025-11-02T09:15,177.0
2025-11-02T10:15,235.0
2025-11-02T11:00,234.0
2025-11-02T12:30,334.0
2025-11-02T13:15,277.0
2025-11-02T14:15,236.0
2025-11-02T15:15,136.0
2025-11-02T16:15,27.0
2025-11-02T17:15,0.0
2025-11-02T18:15,0.0
2025-11-02T19:00,0.0
2025-11-02T20:15,0.0
2025-11-02T21:15,0.0
2025-11-02T22:15,0.0
2025-11-02T23:15,0.0
2025-11-03T01:30,0.0
2025-11-03T03:15,0.0
2025-11-03T04:15,0.0
2025-11-03T05:15,0.0
2025-11-03T06:30,0.0
2025-11-03T07:15,3.0
2025-11-03T08:15,45.0
2025-11-03T09:15,77.0
2025-11-03T10:15,127.0
2025-11-03T11:15,274.0
2025-11-03T12:30,277.0
2025-11-03T13:30,155.0
2025-11-03T14:15,135.0
2025-11-03T15:15,83.0
2025-11-03T16:15,5.0
2025-11-03T17:15,0.0
2025-11-03T18:15,0.0
2025-11-03T19:15,0.0
2025-11-03T20:15,0.0
2025-11-03T21:15,0.0
2025-11-03T22:15,0.0
2025-11-03T23:15,0.0
2025-11-04T01:15,0.0
2025-11-04T03:00,0.0
2025-11-04T04:15,0.0
2025-11-04T05:15,0.0
2025-11-04T06:30,0.0
2025-11-04T07:15,1.0
2025-11-04T08:15,24.0
2025-11-04T09:15,149.0
2025-11-04T10:15,187.0
2025-11-04T11:15,165.0
2025-11-04T12:30,104.0
2025-11-04T13:30,174.0
2025-11-04T14:15,114.0
2025-11-04T15:15,80.0
2025-11-04T16:15,15.0
2025-11-04T17:15,0.0
2025-11-04T18:15,0.0
2025-11-04T19:15,0.0
2025-11-04T20:15,0.0
2025-11-04T21:15,0.0
2025-11-04T22:15,0.0
2025-11-04T23:15,0.0
2025-11-05T01:30,0.0
2025-11-05T03:00,0.0
2025-11-05T04:15,0.0
2025-11-05T05:15,0.0
2025-11-05T06:30,0.0
2025-11-05T07:15,2.0
2025-11-05T08:15,25.0
2025-11-05T09:15,58.0
2025-11-05T10:15,197.0
2025-11-05T11:15,265.0
2025-11-05T12:30,157.0
2025-11-05T13:30,141.0
2025-11-05T14:30,156.0
2025-11-05T15:15,60.0
2025-11-05T16:15,11.0
2025-11-05T17:15,0.0
2025-11-05T18:15,0.0
2025-11-05T19:15,0.0
2025-11-05T20:15,0.0
2025-11-05T21:15,0.0
2025-11-05T22:15,0.0
2025-11-05T23:15,0.0
2025-11-06T01:15,0.0
2025-11-06T03:00,0.0
2025-11-06T04:15,0.0
2025-11-06T05:15,0.0
2025-11-06T06:30,0.0
2025-11-06T07:15,1.0
2025-11-06T08:15,43.0
2025-11-06T09:15,64.0
2025-11-06T10:15,104.0
2025-11-06T11:15,110.0
2025-11-06T12:30,143.0
2025-11-06T13:30,178.0
2025-11-06T14:15,122.0
2025-11-06T15:15,72.0
2025-11-06T16:15,12.0
2025-11-06T17:15,0.0
2025-11-06T18:15,0.0
2025-11-06T19:15,0.0
2025-11-06T20:15,0.0
2025-11-06T21:15,0.0
2025-11-06T22:15,0.0
2025-11-06T23:15,0.0
2025-11-07T01:15,0.0
2025-11-07T03:00,0.0
2025-11-07T04:15,0.0
2025-11-07T05:15,0.0
2025-11-07T06:30,0.0
2025-11-07T07:15,0.0
2025-11-07T08:15,38.0
2025-11-07T09:15,73.0
2025-11-07T10:15,85.0
2025-11-07T11:15,89.0
2025-11-07T12:30,50.0
2025-11-07T13:15,108.0
2025-11-07T14:15,100.0
2025-11-07T15:15,65.0
2025-11-07T16:15,4.0
2025-11-07T17:15,0.0
2025-11-07T18:15,0.0
2025-11-07T19:15,0.0
2025-11-07T20:15,0.0
2025-11-07T21:00,0.0
2025-11-07T22:15,0.0
2025-11-07T23:15,0.0
2025-11-08T01:15,0.0
2025-11-08T03:00,0.0
2025-11-08T04:15,0.0
2025-11-08T05:15,0.0
2025-11-08T06:15,0.0
2025-11-08T07:15,0.0
2025-11-08T08:30,65.0
2025-11-08T09:15,151.0
2025-11-08T10:15,225.0
2025-11-08T11:00,184.0
2025-11-08T12:30,301.0
2025-11-08T13:15,248.0
2025-11-08T14:15,200.0
2025-11-08T15:15,74.0
2025-11-08T16:15,9.0
2025-11-08T17:00,0.0
2025-11-08T18:15,0.0
2025-11-08T19:00,0.0
2025-11-08T20:15,0.0
2025-11-08T21:15,0.0
2025-11-08T22:15,0.0
2025-11-08T23:15,0.0
2025-11-09T01:30,0.0
2025-11-09T03:00,0.0
2025-11-09T04:15,0.0
2025-11-09T05:15,0.0
2025-11-09T06:15,0.0
2025-11-09T07:15,0.0
2025-11-09T08:15,80.0
2025-11-09T09:15,132.0
2025-11-09T10:15,218.0
2025-11-09T11:00,161.0
2025-11-09T12:30,173.0
2025-11-09T13:15,108.0
2025-11-09T14:15,40.0
2025-11-09T15:15,42.0
2025-11-09T16:15,3.0
2025-11-09T17:00,0.0
2025-11-09T18:15,0.0
2025-11-09T19:00,0.0
2025-11-09T20:15,0.0
2025-11-09T21:15,0.0
2025-11-09T22:15,0.0
2025-11-09T23:15,0.0
2025-11-10T01:30,0.0
2025-11-10T03:15,0.0
2025-11-10T04:15,0.0
2025-11-10T05:15,0.0
2025-11-10T06:30,0.0
2025-11-10T07:15,0.0
2025-11-10T08:15,28.0
2025-11-10T09:15,18.0
2025-11-10T10:15,53.0
2025-11-10T11:15,62.0
2025-11-10T12:30,44.0
2025-11-10T13:30,30.0
2025-11-10T14:15,26.0
2025-11-10T15:15,28.0
2025-11-10T16:15,5.0
2025-11-10T17:15,0.0
2025-11-10T18:15,0.0
2025-11-10T19:15,0.0
2025-11-10T20:15,0.0
2025-11-10T21:15,0.0
2025-11-10T22:15,0.0
2025-11-10T23:15,0.0
2025-11-11T01:30,0.0
2025-11-11T03:00,0.0
2025-11-11T04:15,0.0
2025-11-11T05:15,0.0
2025-11-11T06:30,0.0
2025-11-11T07:15,0.0
2025-11-11T08:15,57.0
2025-11-11T09:15,94.0
2025-11-11T10:15,125.0
2025-11-11T11:15,134.0
2025-11-11T12:30,241.0
2025-11-11T13:30,173.0
2025-11-11T14:15,184.0
2025-11-11T15:15,55.0
2025-11-11T16:15,3.0
2025-11-11T17:15,0.0
2025-11-11T18:15,0.0
2025-11-11T19:15,0.0
2025-11-11T20:15,0.0
2025-11-11T21:15,0.0
2025-11-11T22:15,0.0
2025-11-11T23:15,0.0
2025-11-12T01:15,0.0
2025-11-12T03:00,0.0
2025-11-12T04:15,0.0
2025-11-12T05:15,0.0
2025-11-12T06:30,0.0
2025-11-12T07:15,0.0
2025-11-12T08:15,49.0
2025-11-12T09:15,92.0
2025-11-12T10:15,151.0
2025-11-12T11:15,102.0
2025-11-12T12:30,241.0
2025-11-12T13:30,243.0
2025-11-12T14:15,163.0
2025-11-12T15:15,67.0
2025-11-12T16:15,3.0
2025-11-12T17:15,0.0
2025-11-12T18:15,0.0
2025-11-12T19:15,0.0
2025-11-12T20:15,0.0
2025-11-12T21:15,0.0
2025-11-12T22:15,0.0
2025-11-12T23:15,0.0
2025-11-13T01:30,0.0
2025-11-13T03:00,0.0
2025-11-13T04:15,0.0
2025-11-13T05:15,0.0
2025-11-13T06:30,0.0
2025-11-13T07:15,0.0
2025-11-13T08:15,43.0
2025-11-13T09:15,110.0
2025-11-13T10:15,137.0
2025-11-13T11:15,254.0
2025-11-13T12:30,252.0
2025-11-13T13:30,218.0
2025-11-13T14:15,164.0
2025-11-13T15:15,76.0
2025-11-13T16:15,2.0
2025-11-13T17:15,0.0
2025-11-13T18:15,0.0
2025-11-13T19:15,0.0
2025-11-13T20:15,0.0
2025-11-13T21:15,0.0
2025-11-13T22:15,0.0
2025-11-13T23:15,0.0
2025-11-14T01:30,0.0
2025-11-14T03:00,0.0
2025-11-14T04:15,0.0
2025-11-14T05:15,0.0
2025-11-14T06:30,0.0
2025-11-14T07:15,0.0
2025-11-14T08:15,10.0
2025-11-14T09:15,24.0
2025-11-14T10:15,25.0
2025-11-14T11:15,25.0
2025-11-14T12:30,37.0
2025-11-14T13:15,14.0
2025-11-14T14:15,22.0
2025-11-14T15:15,8.0
2025-11-14T16:15,0.0
2025-11-14T17:15,0.0
2025-11-14T18:15,0.0
2025-11-14T19:15,0.0
2025-11-14T20:15,0.0
2025-11-14T21:15,0.0
2025-11-14T22:15,0.0
2025-11-14T23:15,0.0
2025-11-15T01:15,0.0
2025-11-15T03:00,0.0
2025-11-15T04:15,0.0
2025-11-15T05:15,0.0
2025-11-15T06:15,0.0
2025-11-15T07:15,0.0
2025-11-15T08:15,49.0
2025-11-15T09:15,129.0
2025-11-15T10:15,143.0
2025-11-15T11:00,92.0
2025-11-15T12:30,135.0
2025-11-15T13:15,118.0
2025-11-15T14:15,80.0
2025-11-15T15:15,13.0
2025-11-15T16:15,1.0
2025-11-15T17:15,0.0
2025-11-15T18:15,0.0
2025-11-15T19:00,0.0
2025-11-15T20:15,0.0
2025-11-15T21:15,0.0
2025-11-15T22:15,0.0
2025-11-15T23:15,0.0
2025-11-16T01:30,0.0
2025-11-16T03:15,0.0
2025-11-16T04:15,0.0
2025-11-16T05:15,0.0
2025-11-16T06:15,0.0
2025-11-16T07:15,0.0
2025-11-16T08:15,6.0
2025-11-16T09:15,32.0
2025-11-16T10:15,36.0
2025-11-16T11:00,91.0
2025-11-16T12:30,109.0
2025-11-16T13:15,71.0
2025-11-16T14:15,85.0
2025-11-16T15:15,26.0
2025-11-16T16:15,1.0
2025-11-16T17:15,0.0
2025-11-16T18:15,0.0
2025-11-16T19:00,0.0
2025-11-16T20:15,0.0
2025-11-16T21:15,0.0
2025-11-16T22:15,0.0
2025-11-16T23:15,0.0
2025-11-17T01:30,0.0
2025-11-17T03:15,0.0
2025-11-17T04:15,0.0
2025-11-17T05:15,0.0
2025-11-17T06:30,0.0
2025-11-17T07:15,0.0
2025-11-17T08:15,56.0
2025-11-17T09:15,156.0
2025-11-17T10:15,241.0
2025-11-17T11:15,307.0
2025-11-17T12:30,286.0
2025-11-17T13:30,206.0
2025-11-17T14:15,164.0
2025-11-17T15:15,87.0
2025-11-17T16:15,0.0
2025-11-17T17:15,0.0
2025-11-17T18:15,0.0
2025-11-17T19:15,0.0
2025-11-17T20:15,0.0
2025-11-17T21:15,0.0
2025-11-17T22:15,0.0
2025-11-17T23:15,0.0
2025-11-18T01:15,0.0
2025-11-18T03:00,0.0
2025-11-18T04:15,0.0
2025-11-18T05:15,0.0
2025-11-18T06:15,0.0
2025-11-18T07:15,0.0
2025-11-18T08:15,41.0
2025-11-18T09:15,98.0
2025-11-18T10:15,185.0
2025-11-18T11:15,269.0
2025-11-18T12:30,250.0
2025-11-18T13:30,215.0
2025-11-18T14:15,176.0
2025-11-18T15:15,60.0
2025-11-18T16:15,0.0
2025-11-18T17:15,0.0
2025-11-18T18:30,0.0
2025-11-18T19:15,0.0
2025-11-18T20:15,0.0
2025-11-18T22:15,0.0
2025-11-18T23:15,0.0
2025-11-19T01:15,0.0
2025-11-19T03:00,0.0
2025-11-19T04:15,0.0
2025-11-19T05:15,0.0
2025-11-19T06:15,0.0
2025-11-19T07:15,0.0
2025-11-19T08:15,11.0
2025-11-19T09:15,23.0
2025-11-19T10:15,74.0
2025-11-19T11:15,128.0
2025-11-19T12:30,190.0
2025-11-19T13:30,192.0
2025-11-19T14:15,130.0
2025-11-19T15:15,42.0
2025-11-19T16:15,0.0
2025-11-19T17:15,0.0
2025-11-19T18:30,0.0
2025-11-19T19:15,0.0
2025-11-19T20:15,0.0
2025-11-19T21:15,0.0
2025-11-19T22:15,0.0
2025-11-19T23:15,0.0
2025-11-20T01:15,0.0
2025-11-20T03:00,0.0
2025-11-20T04:15,0.0
2025-11-20T05:15,0.0
2025-11-20T06:15,0.0
2025-11-20T07:15,0.0
2025-11-20T08:15,48.0
2025-11-20T09:15,156.0
2025-11-20T10:15,244.0
2025-11-20T11:15,288.0
2025-11-20T12:30,170.0
2025-11-20T13:30,192.0
2025-11-20T14:15,61.0
2025-11-20T15:15,56.0
2025-11-20T16:15,0.0
2025-11-20T17:15,0.0
2025-11-20T18:15,0.0
2025-11-20T19:15,0.0
2025-11-20T20:15,0.0
2025-11-20T21:15,0.0
2025-11-20T22:15,0.0
2025-11-20T23:15,0.0
2025-11-21T01:15,0.0
2025-11-21T03:00,0.0
2025-11-21T04:15,0.0
2025-11-21T05:15,0.0
2025-11-21T06:30,0.0
2025-11-21T07:15,0.0
2025-11-21T08:15,41.0
2025-11-21T09:15,140.0
2025-11-21T10:15,225.0
2025-11-21T11:15,292.0
2025-11-21T12:30,294.0
2025-11-21T13:15,261.0
2025-11-21T14:15,181.0
2025-11-21T15:15,75.0
2025-11-21T16:15,0.0
2025-11-21T17:15,0.0
2025-11-21T18:15,0.0
2025-11-21T19:15,0.0
2025-11-21T20:15,0.0
2025-11-21T21:15,0.0
2025-11-21T22:15,0.0
2025-11-21T23:15,0.0
2025-11-22T01:15,0.0
2025-11-22T03:00,0.0
2025-11-22T04:15,0.0
2025-11-22T05:15,0.0
2025-11-22T06:15,0.0
2025-11-22T07:15,0.0
2025-11-22T08:15,9.0
2025-11-22T09:15,31.0
2025-11-22T10:15,62.0
2025-11-22T11:00,52.0
2025-11-22T12:30,51.0
2025-11-22T13:15,29.0
2025-11-22T14:15,27.0
2025-11-22T15:15,10.0
2025-11-22T16:15,0.0
2025-11-22T17:15,0.0
2025-11-22T18:15,0.0
2025-11-22T19:00,0.0
2025-11-22T20:15,0.0
2025-11-22T21:15,0.0
2025-11-22T22:15,0.0
2025-11-22T23:15,0.0
2025-11-23T01:45,0.0
2025-11-23T03:15,0.0
2025-11-23T04:30,0.0
2025-11-23T05:15,0.0
2025-11-23T06:15,0.0
2025-11-23T07:15,0.0
2025-11-23T08:15,2.0
2025-11-23T09:15,60.0
2025-11-23T10:15,145.0
2025-11-23T11:15,195.0
2025-11-23T12:30,226.0
2025-11-23T13:15,170.0
2025-11-23T14:15,139.0
2025-11-23T15:15,65.0
2025-11-23T16:15,0.0
2025-11-23T17:15,0.0
2025-11-23T18:15,0.0
2025-11-23T19:15,0.0
2025-11-23T20:15,0.0
2025-11-23T21:15,0.0
2025-11-23T22:15,0.0
2025-11-23T23:15,0.0
2025-11-24T01:30,0.0
2025-11-24T03:15,0.0
2025-11-24T04:30,0.0
2025-11-24T05:15,0.0
2025-11-24T06:30,0.0
2025-11-24T07:15,0.0
2025-11-24T08:15,6.0
2025-11-24T09:15,52.0
2025-11-24T10:15,38.0
2025-11-24T11:15,89.0
2025-11-24T12:30,54.0
2025-11-24T13:30,54.0
2025-11-24T14:15,83.0
2025-11-24T15:15,25.0
2025-11-24T16:15,0.0
2025-11-24T17:15,0.0
2025-11-24T18:30,0.0
2025-11-24T19:00,0.0
2025-11-24T20:15,0.0
2025-11-24T21:15,0.0
2025-11-24T22:15,0.0
2025-11-24T23:15,0.0
2025-11-25T01:30,0.0
2025-11-25T03:00,0.0
2025-11-25T04:15,0.0
2025-11-25T05:15,0.0
2025-11-25T06:30,0.0
2025-11-25T07:15,0.0
2025-11-25T08:15,32.0
2025-11-25T09:15,133.0
2025-11-25T10:15,210.0
2025-11-25T11:15,181.0
2025-11-25T12:30,195.2
2025-11-25T13:30,124.2
2025-11-25T14:15,95.5
2025-11-25T15:15,43.0
2025-11-25T16:15,0.0
2025-11-25T17:15,0.0
2025-11-25T18:30,0.0
2025-11-25T19:15,0.0
2025-11-25T20:15,0.0
2025-11-25T21:15,0.0
2025-11-25T22:15,0.0
2025-11-25T23:15,0.0
2025-11-26T01:30,0.0
2025-11-26T03:00,0.0
2025-11-26T04:15,0.0
2025-11-26T05:15,0.0
2025-11-26T06:30,0.0
2025-11-26T07:15,0.0
2025-11-26T08:15,30.0
2025-11-26T09:15,128.0
2025-11-26T10:15,215.0
2025-11-26T11:15,268.0
2025-11-26T12:30,271.0
2025-11-26T13:30,224.0
2025-11-26T14:15,161.0
2025-11-26T15:15,62.0
2025-11-26T16:15,0.0
2025-11-26T17:15,0.0
2025-11-26T18:15,0.0
2025-11-26T19:15,0.0
2025-11-26T20:15,0.0
2025-11-26T21:15,0.0
2025-11-26T22:15,0.0
2025-11-26T23:15,0.0
2025-11-27T01:15,0.0
2025-11-27T03:00,0.0
2025-11-27T04:15,0.0
2025-11-27T05:15,0.0
2025-11-27T06:30,0.0
2025-11-27T07:15,0.0
2025-11-27T08:15,12.0
2025-11-27T09:15,59.0
2025-11-27T10:15,128.0
2025-11-27T11:15,98.0
2025-11-27T12:30,101.0
2025-11-27T13:30,89.0
2025-11-27T14:15,43.0
2025-11-27T15:15,10.0
2025-11-27T16:15,0.0
2025-11-27T17:15,0.0
2025-11-27T18:15,0.0
2025-11-27T19:15,0.0
2025-11-27T20:15,0.0
2025-11-27T21:15,0.0
2025-11-27T22:15,0.0
2025-11-27T23:15,0.0
2025-11-28T01:15,0.0
2025-11-28T03:00,0.0
2025-11-28T04:15,0.0
2025-11-28T05:15,0.0
2025-11-28T06:30,0.0
2025-11-28T07:15,0.0
2025-11-28T08:15,17.0
2025-11-28T09:15,71.0
2025-11-28T10:15,113.0
2025-11-28T11:15,132.0
2025-11-28T12:30,184.0
2025-11-28T13:30,158.0
2025-11-28T14:15,150.0
2025-11-28T15:15,57.0
2025-11-28T16:15,0.0
2025-11-28T17:15,0.0
2025-11-28T18:15,0.0
2025-11-28T19:15,0.0
2025-11-28T20:15,0.0
2025-11-28T21:15,0.0
2025-11-28T22:15,0.0
2025-11-28T23:15,0.0
2025-11-29T01:15,0.0
2025-11-29T03:00,0.0
2025-11-29T04:15,0.0
2025-11-29T05:15,0.0
2025-11-29T06:15,0.0
2025-11-29T07:15,0.0
2025-11-29T08:15,2.0
2025-11-29T09:15,36.0
2025-11-29T10:15,31.0
2025-11-29T11:15,47.0
2025-11-29T12:30,14.0
2025-11-29T13:15,63.0
2025-11-29T14:15,55.0
2025-11-29T15:15,38.0
2025-11-29T16:15,0.0
2025-11-29T17:15,0.0
2025-11-29T18:15,0.0
2025-11-29T19:15,0.0
2025-11-29T20:15,0.0
2025-11-29T21:15,0.0
2025-11-29T22:15,0.0
2025-11-29T23:15,0.0
2025-11-30T01:45,0.0
2025-11-30T03:15,0.0
2025-11-30T04:30,0.0
2025-11-30T05:15,0.0
2025-11-30T06:30,0.0
2025-11-30T07:15,0.0
2025-11-30T08:15,22.0
2025-11-30T09:15,116.0
2025-11-30T10:15,204.0
2025-11-30T11:15,256.0
2025-11-30T12:30,255.0
2025-11-30T13:15,228.0
2025-11-30T14:15,140.0
2025-11-30T15:15,46.0
2025-11-30T16:15,0.0
2025-11-30T17:15,0.0
2025-11-30T18:15,0.0
2025-11-30T19:15,0.0
2025-11-30T20:15,0.0
2025-11-30T21:15,0.0
2025-11-30T22:15,0.0
2025-11-30T23:15,0.0
2025-12-01T01:45,0.0
2025-12-01T03:45,0.0
2025-12-01T04:45,0.0
2025-12-01T05:15,0.0
2025-12-01T06:30,0.0
2025-12-01T07:15,0.0
2025-12-01T08:30,4.0
2025-12-01T09:15,11.0
2025-12-01T10:15,21.0
2025-12-01T11:15,20.0
2025-12-01T12:30,34.0
2025-12-01T13:30,39.0
2025-12-01T14:15,21.0
2025-12-01T15:15,4.0
2025-12-01T16:15,0.0
2025-12-01T17:15,0.0
2025-12-01T18:30,0.0
2025-12-01T19:15,0.0
2025-12-01T20:15,0.0
2025-12-01T21:15,0.0
2025-12-01T22:15,0.0
2025-12-01T23:15,0.0
2025-12-02T01:30,0.0
2025-12-02T03:15,0.0
2025-12-02T04:30,0.0
2025-12-02T05:15,0.0
2025-12-02T06:30,0.0
2025-12-02T07:15,0.0
2025-12-02T08:30,24.0
2025-12-02T09:15,85.0
2025-12-02T10:15,147.0
2025-12-02T11:15,149.0
2025-12-02T12:30,164.0
2025-12-02T13:30,102.0
2025-12-02T14:15,56.0
2025-12-02T15:15,13.0
2025-12-02T16:15,0.0
2025-12-02T17:15,0.0
2025-12-02T18:30,0.0
2025-12-02T19:15,0.0
2025-12-02T20:15,0.0
2025-12-02T21:15,0.0
2025-12-02T22:15,0.0
2025-12-02T23:15,0.0
2025-12-03T01:30,0.0
2025-12-03T03:15,0.0
2025-12-03T04:15,0.0
2025-12-03T05:15,0.0
2025-12-03T06:30,0.0
2025-12-03T07:15,0.0
2025-12-03T08:15,14.0
2025-12-03T09:15,88.0
2025-12-03T10:15,131.0
2025-12-03T11:15,193.0
2025-12-03T12:30,154.0
2025-12-03T13:30,170.0
2025-12-03T14:15,113.0
2025-12-03T15:15,47.0
2025-12-03T16:30,0.0
2025-12-03T17:15,0.0
2025-12-03T18:30,0.0
2025-12-03T19:15,0.0
2025-12-03T20:15,0.0
2025-12-03T21:15,0.0
2025-12-03T22:15,0.0
2025-12-03T23:15,0.0
2025-12-04T01:30,0.0
2025-12-04T03:15,0.0
2025-12-04T04:30,0.0
2025-12-04T05:15,0.0
2025-12-04T07:15,0.0
2025-12-04T08:15,3.0
2025-12-04T09:15,19.0
2025-12-04T10:15,26.0
2025-12-04T11:15,36.0
2025-12-04T12:30,38.0
2025-12-04T13:30,61.0
2025-12-04T14:15,57.0
2025-12-04T15:15,20.0
2025-12-04T16:30,0.0
2025-12-04T17:15,0.0
2025-12-04T18:30,0.0
2025-12-04T19:15,0.0
2025-12-04T20:15,0.0
2025-12-04T21:15,0.0
2025-12-04T22:15,0.0
2025-12-04T23:15,0.0
2025-12-05T01:30,0.0
2025-12-05T03:15,0.0
2025-12-05T04:15,0.0
2025-12-05T05:15,0.0
2025-12-05T06:30,0.0
2025-12-05T07:15,0.0
2025-12-05T08:15,12.0
2025-12-05T09:15,90.0
2025-12-05T10:15,181.0
2025-12-05T11:15,229.0
2025-12-05T12:30,163.0
2025-12-05T13:30,112.0
2025-12-05T14:15,69.0
2025-12-05T15:15,17.0
2025-12-05T16:15,0.0
2025-12-05T17:15,0.0
2025-12-05T18:15,0.0
2025-12-05T19:15,0.0
2025-12-05T20:15,0.0
2025-12-05T21:15,0.0
2025-12-05T22:15,0.0
2025-12-05T23:15,0.0
2025-12-06T01:15,0.0
2025-12-06T03:00,0.0
2025-12-06T04:15,0.0
2025-12-06T05:15,0.0
2025-12-06T06:15,0.0
2025-12-06T07:15,0.0
2025-12-06T08:15,9.0
2025-12-06T09:15,67.0
2025-12-06T10:15,105.0
2025-12-06T11:15,120.0
2025-12-06T12:30,87.0
2025-12-06T13:15,38.0
2025-12-06T14:15,62.0
2025-12-06T15:15,34.0
2025-12-06T16:15,0.0
2025-12-06T17:15,0.0
2025-12-06T18:15,0.0
2025-12-06T19:15,0.0
2025-12-06T20:15,0.0
2025-12-06T21:15,0.0
2025-12-06T22:15,0.0
2025-12-06T23:15,0.0
2025-12-07T01:45,0.0
2025-12-07T03:15,0.0
2025-12-07T04:30,0.0
2025-12-07T05:15,0.0
2025-12-07T06:15,0.0
2025-12-07T07:15,0.0
2025-12-07T08:15,3.0
2025-12-07T09:15,7.0
2025-12-07T10:15,23.0
2025-12-07T11:15,26.0
2025-12-07T12:30,19.0
2025-12-07T13:15,15.0
2025-12-07T14:15,22.0
2025-12-07T15:15,13.0
2025-12-07T16:15,0.0
2025-12-07T17:15,0.0
2025-12-07T18:15,0.0
2025-12-07T19:15,0.0
2025-12-07T20:15,0.0
2025-12-07T21:15,0.0
2025-12-07T22:15,0.0
2025-12-07T23:15,0.0
2025-12-08T01:30,0.0
2025-12-08T03:15,0.0
2025-12-08T04:30,0.0
2025-12-08T05:15,0.0
2025-12-08T06:30,0.0
2025-12-08T07:15,0.0
2025-12-08T08:30,12.0
2025-12-08T09:15,42.0
2025-12-08T10:15,106.0
2025-12-08T11:15,125.0
2025-12-08T12:30,76.0
2025-12-08T13:30,23.0
2025-12-08T14:15,32.0
2025-12-08T15:15,18.0
2025-12-08T16:15,0.0
2025-12-08T17:15,0.0
2025-12-08T18:30,0.0
2025-12-08T19:15,0.0
2025-12-08T20:15,0.0
2025-12-08T21:15,0.0
2025-12-08T22:15,0.0
2025-12-08T23:15,0.0
2025-12-09T01:30,0.0
2025-12-09T03:15,0.0
2025-12-09T04:15,0.0
2025-12-09T05:15,0.0
2025-12-09T06:30,0.0
2025-12-09T07:15,0.0
2025-12-09T08:15,1.0
2025-12-09T09:15,13.0
2025-12-09T10:15,33.0
2025-12-09T11:15,63.0
2025-12-09T12:30,17.0
2025-12-09T13:30,16.0
2025-12-09T14:15,13.0
2025-12-09T15:15,6.0
2025-12-09T16:15,0.0
2025-12-09T17:15,0.0
2025-12-09T18:15,0.0
2025-12-09T19:15,0.0
2025-12-09T20:15,0.0
2025-12-09T21:15,0.0
2025-12-09T22:15,0.0
2025-12-09T23:15,0.0
2025-12-10T01:30,0.0
2025-12-10T03:15,0.0
2025-12-10T04:30,0.0
2025-12-10T05:15,0.0
2025-12-10T06:30,0.0
2025-12-10T07:15,0.0
2025-12-10T08:15,6.0
2025-12-10T09:15,54.0
2025-12-10T10:15,131.0
2025-12-10T11:15,189.0
2025-12-10T12:30,166.0
2025-12-10T13:30,152.0
2025-12-10T14:15,117.0
2025-12-10T15:15,41.0
2025-12-10T16:15,0.0
2025-12-10T17:15,0.0
2025-12-10T18:30,0.0
2025-12-10T19:15,0.0
2025-12-10T20:15,0.0
2025-12-10T21:15,0.0
2025-12-10T22:15,0.0
2025-12-10T23:15,0.0
2025-12-11T01:30,0.0
2025-12-11T03:15,0.0
2025-12-11T04:30,0.0
2025-12-11T05:15,0.0
2025-12-11T06:30,0.0
2025-12-11T07:15,0.0
2025-12-11T08:15,5.0
2025-12-11T09:15,48.0
2025-12-11T10:15,112.0
2025-12-11T11:15,127.0
2025-12-11T12:45,113.0
2025-12-11T13:30,134.0
2025-12-11T14:15,111.0
2025-12-11T15:15,34.0
2025-12-11T16:30,0.0
2025-12-11T17:15,0.0
2025-12-11T18:30,0.0
2025-12-11T19:15,0.0
2025-12-11T20:15,0.0
2025-12-11T21:15,0.0
2025-12-11T22:15,0.0
2025-12-11T23:15,0.0
2025-12-12T01:30,0.0
2025-12-12T03:15,0.0
2025-12-12T04:30,0.0
2025-12-12T05:15,0.0
2025-12-12T06:30,0.0
2025-12-12T07:15,0.0
2025-12-12T08:30,12.0
2025-12-12T09:15,39.0
2025-12-12T10:15,39.0
2025-12-12T11:15,38.0
2025-12-12T12:30,28.0
2025-12-12T13:30,76.0
2025-12-12T14:15,89.0
2025-12-12T15:15,21.0
2025-12-12T16:15,0.0
2025-12-12T17:15,0.0
2025-12-12T18:30,0.0
2025-12-12T19:15,0.0
2025-12-12T20:15,0.0
2025-12-12T21:15,0.0
2025-12-12T22:15,0.0
2025-12-12T23:15,0.0
2025-12-13T01:15,0.0
2025-12-13T03:15,0.0
2025-12-13T04:15,0.0
2025-12-13T05:15,0.0
2025-12-13T06:30,0.0
2025-12-13T07:15,0.0
2025-12-13T08:15,4.0
2025-12-13T09:15,62.0
2025-12-13T10:15,140.0
2025-12-13T11:15,212.0
2025-12-13T12:30,229.0
2025-12-13T13:15,201.0
2025-12-13T14:15,115.0
2025-12-13T15:15,31.0
2025-12-13T16:15,0.0
2025-12-13T17:15,0.0
2025-12-13T18:15,0.0
2025-12-13T19:15,0.0
2025-12-13T20:15,0.0
2025-12-13T21:15,0.0
2025-12-13T22:15,0.0
2025-12-13T23:15,0.0
2025-12-14T01:45,0.0
2025-12-14T03:30,0.0
2025-12-14T04:30,0.0
2025-12-14T05:15,0.0
2025-12-14T06:30,0.0
2025-12-14T07:15,0.0
2025-12-14T08:15,3.0
2025-12-14T09:15,75.0
2025-12-14T10:15,149.0
2025-12-14T11:15,156.0
2025-12-14T12:30,144.0
2025-12-14T13:15,133.0
2025-12-14T14:15,87.0
2025-12-14T15:15,29.0
2025-12-14T16:15,0.0
2025-12-14T17:15,0.0
2025-12-14T18:15,0.0
2025-12-14T19:15,0.0
2025-12-14T20:15,0.0
2025-12-14T21:15,0.0
2025-12-14T22:15,0.0
2025-12-14T23:15,0.0
2025-12-15T01:45,0.0
2025-12-15T03:30,0.0
2025-12-15T04:30,0.0
2025-12-15T05:15,0.0
2025-12-15T06:30,0.0
2025-12-15T07:15,0.0
2025-12-15T08:30,6.0
2025-12-15T09:30,93.0
2025-12-15T10:15,34.0
2025-12-15T11:15,126.0
2025-12-15T12:45,110.0
2025-12-15T13:30,95.0
2025-12-15T14:15,46.0
2025-12-15T15:15,17.0
2025-12-15T16:30,0.0
2025-12-15T17:15,0.0
2025-12-15T18:30,0.0
2025-12-15T19:15,0.0
2025-12-15T20:15,0.0
2025-12-15T21:15,0.0
2025-12-15T22:15,0.0
2025-12-15T23:15,0.0
2025-12-16T01:30,0.0
2025-12-16T03:15,0.0
2025-12-16T04:30,0.0
2025-12-16T05:15,0.0
2025-12-16T06:30,0.0
2025-12-16T07:15,0.0
2025-12-16T08:30,7.0
2025-12-16T09:15,24.0
2025-12-16T10:15,61.0
2025-12-16T11:15,64.0
2025-12-16T12:30,76.0
2025-12-16T13:30,40.0
2025-12-16T14:15,20.0
2025-12-16T15:15,3.0
2025-12-16T16:15,0.0
2025-12-16T17:15,0.0
2025-12-16T18:30,0.0
2025-12-16T19:15,0.0
2025-12-16T20:15,0.0
2025-12-16T21:15,0.0
2025-12-16T22:15,0.0
2025-12-16T23:15,0.0
2025-12-17T01:30,0.0
2025-12-17T03:15,0.0
2025-12-17T04:30,0.0
2025-12-17T05:15,0.0
2025-12-17T06:30,0.0
2025-12-17T07:15,0.0
2025-12-17T08:30,14.0
2025-12-17T09:15,59.0
2025-12-17T10:15,79.0
2025-12-17T11:15,117.0
2025-12-17T12:45,82.0
2025-12-17T13:30,57.0
2025-12-17T14:15,37.0
2025-12-17T15:15,15.0
2025-12-17T16:15,0.0
2025-12-17T17:15,0.0
2025-12-17T18:30,0.0
2025-12-17T19:15,0.0
2025-12-17T20:15,0.0
2025-12-17T21:15,0.0
2025-12-17T22:15,0.0
2025-12-17T23:15,0.0
2025-12-18T01:30,0.0
2025-12-18T03:15,0.0
2025-12-18T04:30,0.0
2025-12-18T05:15,0.0
2025-12-18T06:30,0.0
2025-12-18T07:15,0.0
2025-12-18T08:30,3.0
2025-12-18T09:15,7.0
2025-12-18T10:15,6.0
2025-12-18T11:15,15.0
2025-12-18T12:30,19.0
2025-12-18T13:30,17.0
2025-12-18T14:15,11.0
2025-12-18T15:15,4.0
2025-12-18T16:30,0.0
2025-12-18T17:15,0.0
2025-12-18T18:30,0.0
2025-12-18T19:15,0.0
2025-12-18T20:15,0.0
2025-12-18T21:15,0.0
2025-12-18T22:15,0.0
2025-12-18T23:15,0.0
2025-12-19T01:30,0.0
2025-12-19T03:15,0.0
2025-12-19T04:30,0.0
2025-12-19T05:15,0.0
2025-12-19T06:30,0.0
2025-12-19T07:15,0.0
2025-12-19T08:30,12.0
2025-12-19T09:15,60.0
2025-12-19T10:15,159.0
2025-12-19T11:15,214.0
2025-12-19T12:30,227.0
2025-12-19T13:30,185.0
2025-12-19T14:15,131.0
2025-12-19T15:15,42.0
2025-12-19T16:15,0.0
2025-12-19T17:15,0.0
2025-12-19T18:30,0.0
2025-12-19T19:15,0.0
2025-12-19T20:15,0.0
2025-12-19T21:15,0.0
2025-12-19T22:15,0.0
2025-12-19T23:15,0.0
2025-12-20T01:30,0.0
2025-12-20T03:15,0.0
2025-12-20T04:15,0.0
2025-12-20T05:15,0.0
2025-12-20T06:30,0.0
2025-12-20T07:15,0.0
2025-12-20T08:15,1.0
2025-12-20T09:15,73.0
2025-12-20T10:15,155.0
2025-12-20T11:15,203.0
2025-12-20T12:30,199.0
2025-12-20T13:15,168.0
2025-12-20T14:15,111.0
2025-12-20T15:15,30.0
2025-12-20T16:15,0.0
2025-12-20T17:15,0.0
2025-12-20T18:15,0.0
2025-12-20T19:15,0.0
2025-12-20T20:15,0.0
2025-12-20T21:15,0.0
2025-12-20T22:15,0.0
2025-12-20T23:15,0.0
2025-12-21T01:45,0.0
2025-12-21T03:30,0.0
2025-12-21T04:30,0.0
2025-12-21T05:15,0.0
2025-12-21T06:30,0.0
2025-12-21T07:15,0.0
2025-12-21T08:15,1.0
2025-12-21T09:15,61.0
2025-12-21T10:15,104.0
2025-12-21T11:15,46.0
2025-12-21T12:30,34.0
2025-12-21T13:15,66.0
2025-12-21T14:15,41.0
2025-12-21T15:15,16.0
2025-12-21T16:15,0.0
2025-12-21T17:15,0.0
2025-12-21T18:15,0.0
2025-12-21T19:15,0.0
2025-12-21T20:15,0.0
2025-12-21T21:15,0.0
2025-12-21T22:15,0.0
2025-12-21T23:15,0.0
2025-12-22T01:45,0.0
2025-12-22T03:30,0.0
2025-12-22T04:30,0.0
2025-12-22T05:15,0.0
2025-12-22T06:30,0.0
2025-12-22T07:15,0.0
2025-12-22T08:30,7.0
2025-12-22T09:15,57.0
2025-12-22T10:15,128.0
2025-12-22T11:15,119.0
2025-12-22T12:30,201.0
2025-12-22T13:30,130.0
2025-12-22T14:15,81.0
2025-12-22T15:15,17.0
2025-12-22T16:15,0.0
2025-12-22T17:15,0.0
2025-12-22T18:30,0.0
2025-12-22T19:15,0.0
2025-12-22T20:15,0.0
2025-12-22T21:15,0.0
2025-12-22T22:15,0.0
2025-12-22T23:15,0.0
2025-12-23T01:30,0.0
2025-12-23T03:15,0.0
2025-12-23T04:30,0.0
2025-12-23T05:15,0.0
2025-12-23T06:30,0.0
2025-12-23T07:15,0.0
2025-12-23T08:30,4.0
2025-12-23T09:15,22.0
2025-12-23T10:15,38.0
2025-12-23T11:15,46.0
2025-12-23T12:30,55.0
2025-12-23T13:30,43.0
2025-12-23T14:15,37.0
2025-12-23T15:15,9.0
2025-12-23T16:15,0.0
2025-12-23T17:15,0.0
2025-12-23T18:30,0.0
2025-12-23T19:15,0.0
2025-12-23T20:15,0.0
2025-12-23T21:15,0.0
2025-12-23T22:15,0.0
2025-12-23T23:15,0.0
2025-12-24T01:30,0.0
2025-12-24T03:15,0.0
2025-12-24T04:30,0.0
2025-12-24T05:15,0.0
2025-12-24T06:30,0.0
2025-12-24T07:15,0.0
2025-12-24T08:30,6.0
2025-12-24T09:15,43.0
2025-12-24T10:15,107.0
2025-12-24T11:15,148.0
2025-12-24T12:30,187.0
2025-12-24T13:30,108.0
2025-12-24T14:15,68.0
2025-12-24T15:15,21.0
2025-12-24T16:15,0.0
2025-12-24T17:15,0.0
2025-12-24T18:30,0.0
2025-12-24T19:15,0.0
2025-12-24T20:15,0.0
2025-12-24T21:15,0.0
2025-12-24T22:15,0.0
2025-12-24T23:15,0.0
2025-12-25T01:30,0.0
2025-12-25T03:15,0.0
2025-12-25T04:30,0.0
2025-12-25T05:15,0.0
2025-12-25T06:30,0.0
2025-12-25T07:15,0.0
2025-12-25T08:15,0.0
2025-12-25T09:15,72.0
2025-12-25T10:15,157.0
2025-12-25T11:15,191.0
2025-12-25T12:30,221.0
2025-12-25T13:30,161.0
2025-12-25T14:15,106.0
2025-12-25T15:15,25.0
2025-12-25T16:15,0.0
2025-12-25T17:15,0.0
2025-12-25T18:15,0.0
2025-12-25T19:15,0.0
2025-12-25T20:15,0.0
2025-12-25T21:15,0.0
2025-12-25T22:15,0.0
2025-12-25T23:15,0.0
2025-12-26T01:30,0.0
2025-12-26T03:15,0.0
2025-12-26T04:30,0.0
2025-12-26T05:15,0.0
2025-12-26T06:30,0.0
2025-12-26T07:15,0.0
2025-12-26T08:15,0.0
2025-12-26T09:15,29.0
2025-12-26T10:15,58.0
2025-12-26T11:15,119.0
2025-12-26T12:30,120.0
2025-12-26T13:30,103.0
2025-12-26T14:15,75.0
2025-12-26T15:15,23.0
2025-12-26T16:15,0.0
2025-12-26T17:15,0.0
2025-12-26T18:30,0.0
2025-12-26T19:15,0.0
2025-12-26T20:15,0.0
2025-12-26T21:15,0.0
2025-12-26T22:15,0.0
2025-12-26T23:15,0.0
2025-12-27T01:30,0.0
2025-12-27T03:15,0.0
2025-12-27T04:30,0.0
2025-12-27T05:15,0.0
2025-12-27T06:30,0.0
2025-12-27T07:15,0.0
2025-12-27T08:15,0.0
2025-12-27T09:15,64.0
2025-12-27T10:15,139.0
2025-12-27T11:15,93.0
2025-12-27T12:30,89.0
2025-12-27T13:15,82.0
2025-12-27T14:15,65.0
2025-12-27T15:15,20.0
2025-12-27T16:15,0.0
2025-12-27T17:15,0.0
2025-12-27T18:15,0.0
2025-12-27T19:15,0.0
2025-12-27T20:15,0.0
2025-12-27T21:15,0.0
2025-12-27T22:15,0.0
2025-12-27T23:15,0.0
2025-12-28T01:45,0.0
2025-12-28T03:45,0.0
2025-12-28T04:30,0.0
2025-12-28T05:15,0.0
2025-12-28T06:30,0.0
2025-12-28T07:15,0.0
2025-12-28T08:15,0.0
2025-12-28T09:15,36.0
2025-12-28T10:15,92.0
2025-12-28T11:15,109.0
2025-12-28T12:30,138.0
2025-12-28T13:15,100.0
2025-12-28T14:15,45.0
2025-12-28T15:15,25.0
2025-12-28T16:15,0.0
2025-12-28T17:15,0.0
2025-12-28T18:15,0.0
2025-12-28T19:15,0.0
2025-12-28T20:15,0.0
2025-12-28T21:15,0.0
2025-12-28T22:15,0.0
2025-12-28T23:15,0.0
2025-12-29T01:45,0.0
2025-12-29T03:45,0.0
2025-12-29T04:45,0.0
2025-12-29T05:15,0.0
2025-12-29T06:30,0.0
2025-12-29T07:15,0.0
2025-12-29T08:30,5.0
2025-12-29T09:30,29.0
2025-12-29T10:15,59.0
2025-12-29T11:15,145.0
2025-12-29T12:45,117.0
2025-12-29T13:30,110.0
2025-12-29T14:15,57.0
2025-12-29T15:15,24.0
2025-12-29T16:15,0.0
2025-12-29T17:15,0.0
2025-12-29T18:30,0.0
2025-12-29T19:15,0.0
2025-12-29T20:15,0.0
2025-12-29T21:15,0.0
2025-12-29T22:15,0.0
2025-12-29T23:15,0.0
2025-12-30T01:30,0.0
2025-12-30T03:15,0.0
2025-12-30T04:30,0.0
2025-12-30T05:15,0.0
2025-12-30T06:30,0.0
2025-12-30T07:15,0.0
2025-12-30T08:15,0.0
2025-12-30T09:15,69.0
2025-12-30T10:15,155.0
2025-12-30T11:15,215.0
2025-12-30T12:30,229.0
2025-12-30T13:30,182.0
2025-12-30T14:15,140.0
2025-12-30T15:15,52.0
2025-12-30T16:15,0.0
2025-12-30T17:15,0.0
2025-12-30T18:30,0.0
2025-12-30T19:15,0.0
2025-12-30T20:15,0.0
2025-12-30T21:15,0.0
2025-12-30T22:15,0.0
2025-12-30T23:15,0.0
2025-12-31T01:30,0.0
2025-12-31T03:15,0.0
2025-12-31T04:30,0.0
2025-12-31T05:15,0.0
2025-12-31T06:30,0.0
2025-12-31T07:15,0.0
2025-12-31T08:30,5.0
2025-12-31T09:15,38.0
2025-12-31T10:15,88.0
2025-12-31T11:15,183.0
2025-12-31T12:30,222.0
2025-12-31T13:30,178.0
2025-12-31T14:15,125.0
2025-12-31T15:15,50.0
2025-12-31T16:15,0.0
2025-12-31T17:15,0.0
2025-12-31T18:30,0.0
2025-12-31T19:15,0.0
2025-12-31T20:15,0.0
2025-12-31T21:15,0.0
2025-12-31T22:15,0.0
2025-12-31T23:15,0.0
2026-01-01T01:45,0.0
2026-01-01T03:45,0.0
2026-01-01T04:45,0.0
2026-01-01T05:15,0.0
2026-01-01T06:30,0.0
2026-01-01T07:15,0.0
2026-01-01T08:15,0.0
2026-01-01T09:15,59.0
2026-01-01T10:15,138.0
2026-01-01T11:15,204.0
2026-01-01T12:30,186.0
2026-01-01T13:30,122.0
2026-01-01T14:15,102.0
2026-01-01T15:15,48.0
2026-01-01T16:15,0.0
2026-01-01T17:15,0.0
2026-01-01T18:30,0.0
2026-01-01T19:15,0.0
2026-01-01T20:15,0.0
2026-01-01T21:15,0.0
2026-01-01T22:15,0.0
2026-01-01T23:15,0.0
2026-01-02T01:45,0.0
2026-01-02T03:30,0.0
2026-01-02T04:30,0.0
2026-01-02T05:15,0.0
2026-01-02T06:30,0.0
2026-01-02T07:15,0.0
2026-01-02T08:15,0.0
2026-01-02T09:15,52.0
2026-01-02T10:15,159.0
2026-01-02T11:15,228.0
2026-01-02T12:30,249.0
2026-01-02T13:30,210.0
2026-01-02T14:15,155.0
2026-01-02T15:15,62.0
2026-01-02T16:15,0.0
2026-01-02T17:15,0.0
2026-01-02T18:30,0.0
2026-01-02T19:00,0.0
2026-01-02T20:15,0.0
2026-01-02T21:15,0.0
2026-01-02T22:15,0.0
2026-01-02T23:15,0.0
2026-01-03T01:30,0.0
2026-01-03T03:15,0.0
2026-01-03T04:30,0.0
2026-01-03T05:15,0.0
2026-01-03T06:30,0.0
2026-01-03T07:15,0.0
2026-01-03T08:15,0.0
2026-01-03T09:15,75.0
2026-01-03T10:15,166.0
2026-01-03T11:15,225.0
2026-01-03T12:30,244.0
2026-01-03T13:15,221.0
2026-01-03T14:15,154.0
2026-01-03T15:15,63.0
2026-01-03T16:15,0.0
2026-01-03T17:15,0.0
2026-01-03T18:15,0.0
2026-01-03T19:15,0.0
2026-01-03T20:15,0.0
2026-01-03T21:15,0.0
2026-01-03T22:15,0.0
2026-01-03T23:15,0.0
2026-01-04T01:45,0.0
2026-01-04T03:45,0.0
2026-01-04T04:45,0.0
2026-01-04T05:15,0.0
2026-01-04T06:30,0.0
2026-01-04T07:15,0.0
2026-01-04T08:15,0.0
2026-01-04T09:15,74.0
2026-01-04T10:15,164.0
2026-01-04T11:15,226.0
2026-01-04T12:30,243.0
2026-01-04T13:15,220.0
2026-01-04T14:15,156.0
2026-01-04T15:15,64.0
2026-01-04T16:15,0.0
2026-01-04T17:15,0.0
2026-01-04T18:15,0.0
2026-01-04T19:15,0.0
2026-01-04T20:15,0.0
2026-01-04T21:15,0.0
2026-01-04T22:15,0.0
2026-01-04T23:15,0.0
2026-01-05T01:45,0.0
2026-01-05T03:45,0.0
2026-01-05T04:45,0.0
2026-01-05T05:30,0.0
2026-01-05T06:30,0.0
2026-01-05T07:15,0.0
2026-01-05T08:30,12.0
2026-01-05T09:30,100.0
2026-01-05T10:15,167.0
2026-01-05T11:15,229.0
2026-01-05T12:45,240.0
2026-01-05T13:30,210.0
2026-01-05T14:15,124.0
2026-01-05T15:15,62.0
2026-01-05T16:15,0.0
2026-01-05T17:15,0.0
2026-01-05T18:30,0.0
2026-01-05T19:15,0.0
2026-01-05T20:15,0.0
2026-01-05T21:15,0.0
2026-01-05T22:15,0.0
2026-01-05T23:15,0.0
2026-01-06T01:45,0.0
2026-01-06T03:30,0.0
2026-01-06T04:30,0.0
2026-01-06T05:15,0.0
2026-01-06T06:30,0.0
2026-01-06T07:15,0.0
2026-01-06T08:30,11.0
2026-01-06T09:15,72.0
2026-01-06T10:15,136.0
2026-01-06T11:15,170.0
2026-01-06T12:45,181.0
2026-01-06T13:30,103.0
2026-01-06T14:15,87.0
2026-01-06T15:15,46.0
2026-01-06T16:15,0.0
2026-01-06T17:15,0.0
2026-01-06T18:30,0.0
2026-01-06T19:15,0.0
2026-01-06T20:15,0.0
2026-01-06T21:15,0.0
2026-01-06T22:15,0.0
2026-01-06T23:15,0.0
2026-01-07T01:45,0.0
2026-01-07T03:30,0.0
2026-01-07T04:30,0.0
2026-01-07T05:15,0.0
2026-01-07T06:30,0.0
2026-01-07T07:15,0.0
2026-01-07T08:30,10.0
2026-01-07T09:15,68.0
2026-01-07T10:15,161.0
2026-01-07T11:15,216.0
2026-01-07T12:45,217.0
2026-01-07T13:30,183.0
2026-01-07T14:15,132.0
2026-01-07T15:15,48.0
2026-01-07T16:30,0.0
2026-01-07T17:15,0.0
2026-01-07T18:30,0.0
2026-01-07T19:15,0.0
2026-01-07T20:15,0.0
2026-01-07T21:15,0.0
2026-01-07T22:15,0.0
2026-01-07T23:15,0.0
2026-01-08T01:45,0.0
2026-01-08T03:30,0.0
2026-01-08T04:30,0.0
2026-01-08T05:15,0.0
2026-01-08T06:30,0.0
2026-01-08T07:15,0.0
2026-01-08T08:30,2.0
2026-01-08T09:15,14.0
2026-01-08T10:15,33.0
2026-01-08T11:15,48.0
2026-01-08T12:45,71.0
2026-01-08T13:30,37.0
2026-01-08T14:15,33.0
2026-01-08T15:15,9.0
2026-01-08T16:30,0.0
2026-01-08T17:15,0.0
2026-01-08T18:15,0.0
2026-01-08T19:15,0.0
2026-01-08T20:15,0.0
2026-01-08T21:15,0.0
2026-01-08T22:15,0.0
2026-01-08T23:15,0.0
2026-01-09T01:45,0.0
2026-01-09T03:30,0.0
2026-01-09T04:30,0.0
2026-01-09T05:15,0.0
2026-01-09T06:30,0.0
2026-01-09T07:15,0.0
2026-01-09T08:30,3.0
2026-01-09T09:15,18.0
2026-01-09T10:15,58.0
2026-01-09T11:15,71.0
2026-01-09T12:45,89.0
2026-01-09T13:30,81.0
2026-01-09T14:15,54.0
2026-01-09T16:15,0.0
2026-01-09T17:15,0.0
2026-01-09T18:30,0.0
2026-01-09T19:15,0.0
2026-01-09T20:15,0.0
2026-01-09T21:15,0.0
2026-01-09T22:15,0.0
2026-01-09T23:15,0.0
2026-01-10T01:30,0.0
2026-01-10T03:15,0.0
2026-01-10T04:30,0.0
2026-01-10T05:15,0.0
2026-01-10T06:30,0.0
2026-01-10T07:15,0.0
2026-01-10T08:15,1.0
2026-01-10T09:15,71.0
2026-01-10T10:15,130.0
2026-01-10T11:15,217.0
2026-01-10T12:30,197.0
2026-01-10T13:15,124.0
2026-01-10T14:15,94.0
2026-01-10T15:15,49.0
2026-01-10T16:15,0.0
2026-01-10T17:15,0.0
2026-01-10T18:15,0.0
2026-01-10T19:15,0.0
2026-01-10T20:15,0.0
2026-01-10T21:15,0.0
2026-01-10T22:15,0.0
2026-01-10T23:15,0.0
2026-01-11T01:45,0.0
2026-01-11T03:45,0.0
2026-01-11T04:45,0.0
2026-01-11T05:15,0.0
2026-01-11T06:30,0.0
2026-01-11T07:15,0.0
2026-01-11T08:15,1.0
2026-01-11T09:15,28.0
2026-01-11T10:15,69.0
2026-01-11T11:15,72.0
2026-01-11T12:30,58.0
2026-01-11T13:30,46.0
2026-01-11T14:15,21.0
2026-01-11T15:15,12.0
2026-01-11T16:15,0.0
2026-01-11T17:15,0.0
2026-01-11T18:15,0.0
2026-01-11T19:15,0.0
2026-01-11T20:15,0.0
2026-01-11T21:15,0.0
2026-01-11T22:15,0.0
2026-01-11T23:15,0.0
2026-01-12T01:45,0.0
2026-01-12T03:45,0.0
2026-01-12T04:45,0.0
2026-01-12T05:15,0.0
2026-01-12T06:30,0.0
2026-01-12T07:15,0.0
2026-01-12T08:30,7.0
2026-01-12T09:30,33.0
2026-01-12T10:15,79.0
2026-01-12T11:15,61.0
2026-01-12T12:45,94.0
2026-01-12T13:30,119.0
2026-01-12T14:15,94.0
2026-01-12T15:15,59.0
2026-01-12T16:15,1.0
2026-01-12T17:15,0.0
2026-01-12T18:30,0.0
2026-01-12T19:15,0.0
2026-01-12T20:15,0.0
2026-01-12T21:15,0.0
2026-01-12T22:15,0.0
2026-01-12T23:15,0.0
2026-01-13T01:30,0.0
2026-01-13T03:15,0.0
2026-01-13T04:30,0.0
2026-01-13T05:15,0.0
2026-01-13T06:30,0.0
2026-01-13T07:15,0.0
2026-01-13T08:30,2.0
2026-01-13T09:15,10.0
2026-01-13T10:15,15.0
2026-01-13T11:15,21.0
2026-01-13T12:45,20.0
2026-01-13T13:30,22.0
2026-01-13T14:15,15.0
2026-01-13T15:15,10.0
2026-01-13T16:30,0.0
2026-01-13T17:15,0.0
2026-01-13T18:30,0.0
2026-01-13T19:15,0.0
2026-01-13T20:15,0.0
2026-01-13T21:15,0.0
2026-01-13T22:15,0.0
2026-01-13T23:15,0.0
2026-01-14T01:45,0.0
2026-01-14T03:45,0.0
2026-01-14T04:45,0.0
2026-01-14T05:15,0.0
2026-01-14T06:30,0.0
2026-01-14T07:15,0.0
2026-01-14T08:30,15.0
2026-01-14T09:15,60.0
2026-01-14T10:15,108.0
2026-01-14T11:15,182.0
2026-01-14T12:45,243.0
2026-01-14T13:30,220.0
2026-01-14T14:15,118.0
2026-01-14T15:15,22.0
2026-01-14T16:30,0.0
2026-01-14T17:15,0.0
2026-01-14T18:30,0.0
2026-01-14T19:15,0.0
2026-01-14T20:15,0.0
2026-01-14T21:15,0.0
2026-01-14T22:15,0.0
2026-01-14T23:15,0.0
2026-01-15T01:45,0.0
2026-01-15T03:30,0.0
2026-01-15T04:30,0.0
2026-01-15T05:15,0.0
2026-01-15T06:30,0.0
2026-01-15T07:15,0.0
2026-01-15T08:30,3.0
2026-01-15T09:15,10.0
2026-01-15T10:15,29.0
2026-01-15T11:15,54.0
2026-01-15T12:45,49.0
2026-01-15T13:30,32.0
2026-01-15T14:15,18.0
2026-01-15T15:15,10.0
2026-01-15T16:30,0.0
2026-01-15T17:30,0.0
2026-01-15T18:30,0.0
2026-01-15T19:15,0.0
2026-01-15T20:15,0.0
2026-01-15T21:15,0.0
2026-01-15T22:15,0.0
2026-01-15T23:15,0.0
2026-01-16T01:45,0.0
2026-01-16T03:30,0.0
2026-01-16T04:30,0.0
2026-01-16T05:15,0.0
2026-01-16T06:30,0.0
2026-01-16T07:15,0.0
2026-01-16T08:30,9.0
2026-01-16T09:15,83.0
2026-01-16T10:15,180.0
2026-01-16T11:15,216.0
2026-01-16T12:45,170.0
2026-01-16T13:30,151.0
2026-01-16T14:15,168.0
2026-01-16T15:15,86.0
2026-01-16T16:15,3.0
2026-01-16T17:15,0.0
2026-01-16T18:30,0.0
2026-01-16T19:15,0.0
2026-01-16T20:15,0.0
2026-01-16T21:15,0.0
2026-01-16T22:15,0.0
2026-01-16T23:15,0.0
2026-01-17T01:30,0.0
2026-01-17T03:15,0.0
2026-01-17T04:30,0.0
2026-01-17T05:15,0.0
2026-01-17T06:30,0.0
2026-01-17T07:15,0.0
2026-01-17T08:15,3.0
2026-01-17T09:15,47.0
2026-01-17T10:15,135.0
2026-01-17T11:15,136.0
2026-01-17T12:30,164.0
2026-01-17T13:15,123.0
2026-01-17T14:15,140.0
2026-01-17T15:15,78.0
2026-01-17T16:15,5.0
2026-01-17T17:15,0.0
2026-01-17T18:15,0.0
2026-01-17T19:15,0.0
2026-01-17T20:15,0.0
2026-01-17T21:15,0.0
2026-01-17T22:15,0.0
2026-01-17T23:15,0.0
2026-01-18T01:45,0.0
2026-01-18T03:45,0.0
2026-01-18T04:30,0.0
2026-01-18T05:15,0.0
2026-01-18T06:30,0.0
2026-01-18T07:15,0.0
2026-01-18T08:15,1.0
2026-01-18T09:15,23.0
2026-01-18T10:15,61.0
2026-01-18T11:15,132.0
2026-01-18T12:30,149.0
2026-01-18T13:15,214.0
2026-01-18T14:15,75.0
2026-01-18T15:15,52.0
2026-01-18T16:15,4.0
2026-01-18T17:15,0.0
2026-01-18T18:15,0.0
2026-01-18T19:15,0.0
2026-01-18T20:15,0.0
2026-01-18T21:15,0.0
2026-01-18T22:15,0.0
2026-01-18T23:15,0.0
2026-01-19T03:45,0.0
2026-01-19T04:45,0.0
2026-01-19T05:30,0.0
2026-01-19T06:30,0.0
2026-01-19T07:15,0.0
2026-01-19T08:30,10.0
2026-01-19T10:15,59.0
2026-01-19T11:15,83.0
2026-01-19T12:45,95.0
2026-01-19T13:45,73.0
2026-01-19T14:15,71.0
2026-01-19T15:15,56.0
2026-01-19T16:30,0.0
2026-01-19T17:15,0.0
2026-01-19T18:30,0.0
2026-01-19T19:15,0.0
2026-01-19T20:15,0.0
2026-01-19T21:15,0.0
2026-01-19T22:15,0.0
2026-01-19T23:15,0.0
2026-01-20T01:45,0.0
2026-01-20T03:30,0.0
2026-01-20T04:45,0.0
2026-01-20T05:15,0.0
2026-01-20T06:30,0.0
2026-01-20T07:15,0.0
2026-01-20T08:30,16.0
2026-01-20T09:30,103.0
2026-01-20T10:15,177.0
2026-01-20T11:15,155.0
2026-01-20T12:45,259.0
2026-01-20T13:45,156.0
2026-01-20T14:30,98.0
2026-01-20T15:30,66.0
2026-01-20T16:30,1.0
2026-01-20T17:15,0.0
2026-01-20T18:30,0.0
2026-01-20T20:00,0.0
2026-01-20T21:15,0.0
2026-01-20T22:15,0.0
2026-01-20T23:15,0.0
2026-01-21T01:45,0.0
2026-01-21T03:30,0.0
2026-01-21T04:30,0.0
2026-01-21T05:15,0.0
2026-01-21T06:30,0.0
2026-01-21T07:15,0.0
2026-01-21T08:30,6.0
2026-01-21T09:30,8.0
2026-01-21T10:15,16.0
2026-01-21T11:15,32.0
2026-01-21T12:45,23.0
2026-01-21T13:45,14.0
2026-01-21T14:30,31.0
2026-01-21T15:30,13.0
2026-01-21T16:45,0.0
2026-01-21T17:45,0.0
2026-01-21T18:30,0.0
2026-01-21T19:15,0.0
2026-01-21T20:30,0.0
2026-01-21T21:15,0.0
2026-01-21T22:15,0.0
2026-01-21T23:15,0.0
2026-01-22T01:45,0.0
2026-01-22T03:45,0.0
2026-01-22T04:45,0.0
2026-01-22T05:15,0.0
2026-01-22T06:30,0.0
2026-01-22T07:15,0.0
2026-01-22T08:30,8.0
2026-01-22T09:30,32.0
2026-01-22T10:15,63.0
2026-01-22T11:15,85.0
2026-01-22T12:45,53.0
2026-01-22T13:45,44.0
2026-01-22T14:30,21.0
2026-01-22T15:30,13.0
2026-01-22T16:30,1.0
2026-01-22T17:15,0.0
2026-01-22T18:30,0.0
2026-01-22T19:15,0.0
2026-01-22T20:15,0.0
2026-01-22T21:15,0.0
2026-01-22T22:15,0.0
2026-01-22T23:15,0.0
2026-01-23T01:45,0.0
2026-01-23T04:30,0.0
2026-01-23T05:15,0.0
2026-01-23T06:30,0.0
2026-01-23T07:15,0.0
2026-01-23T08:30,11.0
2026-01-23T09:30,39.0
2026-01-23T10:15,24.0
2026-01-23T11:15,42.0
2026-01-23T12:45,142.0
2026-01-23T13:30,151.0
2026-01-23T14:15,86.0
2026-01-23T15:15,69.0
2026-01-23T16:30,4.0
2026-01-23T17:15,0.0
2026-01-23T18:30,0.0
2026-01-23T19:15,0.0
2026-01-23T20:15,0.0
2026-01-23T21:15,0.0
2026-01-23T22:15,0.0
2026-01-23T23:15,0.0
2026-01-24T01:30,0.0
2026-01-24T03:15,0.0
2026-01-24T04:30,0.0
2026-01-24T05:15,0.0
2026-01-24T06:30,0.0
2026-01-24T07:15,0.0
2026-01-24T08:15,12.0
2026-01-24T09:15,98.0
2026-01-24T10:15,143.0
2026-01-24T11:15,257.0
2026-01-24T12:30,293.0
2026-01-24T13:30,223.0
2026-01-24T14:15,145.0
2026-01-24T15:15,79.0
2026-01-24T16:15,20.0
2026-01-24T17:15,0.0
2026-01-24T18:30,0.0
2026-01-24T19:15,0.0
2026-01-24T20:15,0.0
2026-01-24T21:15,0.0
2026-01-24T22:15,0.0
2026-01-24T23:15,0.0
2026-01-25T01:45,0.0
2026-01-25T03:45,0.0
2026-01-25T04:45,0.0
2026-01-25T05:15,0.0
2026-01-25T06:30,0.0
2026-01-25T07:15,0.0
2026-01-25T08:15,4.0
2026-01-25T09:15,49.0
2026-01-25T10:15,115.0
2026-01-25T11:15,51.0
2026-01-25T12:30,161.0
2026-01-25T13:30,223.0
2026-01-25T14:15,166.0
2026-01-25T15:15,83.0
2026-01-25T16:15,14.0
2026-01-25T17:15,0.0
2026-01-25T18:30,0.0
2026-01-25T19:15,0.0
2026-01-25T20:15,0.0
2026-01-25T21:15,0.0
2026-01-25T22:15,0.0
2026-01-25T23:15,0.0
2026-01-26T01:45,0.0
2026-01-26T03:45,0.0
2026-01-26T04:45,0.0
2026-01-26T05:30,0.0
2026-01-26T06:30,0.0
2026-01-26T07:15,0.0
2026-01-26T08:30,10.0
2026-01-26T09:30,79.0
2026-01-26T10:15,50.0
2026-01-26T11:15,113.0
2026-01-26T12:45,124.0
2026-01-26T13:30,120.0
2026-01-26T14:15,88.0
2026-01-26T15:15,70.0
2026-01-26T16:30,3.0
2026-01-26T17:15,0.0
2026-01-26T18:30,0.0
2026-01-26T19:15,0.0
2026-01-26T20:15,0.0
2026-01-26T21:15,0.0
2026-01-26T22:15,0.0
2026-01-26T23:15,0.0
2026-01-27T01:45,0.0
2026-01-27T03:45,0.0
2026-01-27T04:45,0.0
2026-01-27T05:15,0.0
2026-01-27T06:30,0.0
2026-01-27T07:15,0.0
2026-01-27T08:30,4.0
2026-01-27T09:30,11.0
2026-01-27T10:15,23.0
2026-01-27T11:15,29.0
2026-01-27T12:45,45.0
2026-01-27T13:45,67.0
2026-01-27T15:30,36.0
2026-01-27T16:30,4.0
2026-01-27T17:15,0.0
2026-01-27T18:30,0.0
2026-01-27T19:15,0.0
2026-01-27T20:15,0.0
2026-01-27T21:15,0.0
2026-01-27T22:15,0.0
2026-01-27T23:15,0.0
2026-01-28T01:45,0.0
2026-01-28T03:45,0.0
2026-01-28T04:30,0.0
2026-01-28T05:15,0.0
2026-01-28T06:30,0.0
2026-01-28T07:15,0.0
2026-01-28T08:30,37.0
2026-01-28T09:30,129.0
2026-01-28T10:15,201.0
2026-01-28T11:15,214.0
2026-01-28T12:45,181.0
2026-01-28T13:45,206.0
2026-01-28T14:30,199.0
2026-01-28T15:30,64.0
2026-01-28T16:30,13.0
2026-01-28T17:30,0.0
2026-01-28T18:30,0.0
2026-01-28T19:15,0.0
2026-01-28T20:30,0.0
2026-01-28T21:15,0.0
2026-01-28T22:15,0.0
2026-01-29T02:00,0.0
2026-01-29T04:15,0.0
2026-01-29T05:30,0.0
2026-01-29T06:45,0.0
2026-01-29T07:30,0.0
2026-01-29T08:30,17.0
2026-01-29T09:30,79.0
2026-01-29T10:30,178.0
2026-01-29T11:30,246.0
2026-01-29T12:45,130.0
2026-01-29T14:00,167.0
2026-01-29T15:30,89.0
2026-01-29T16:30,8.0
2026-01-29T17:30,0.0
2026-01-29T18:45,0.0
2026-01-29T19:30,0.0
2026-01-29T20:30,0.0
2026-01-29T21:15,0.0
2026-01-29T22:15,0.0
2026-01-29T23:15,0.0
2026-01-30T02:00,0.0
2026-01-30T04:30,0.0
2026-01-30T05:45,0.0
2026-01-30T06:45,0.0
2026-01-30T07:30,0.0
2026-01-30T08:30,13.0
2026-01-30T09:30,72.0
2026-01-30T10:30,135.0
2026-01-30T11:15,161.0
2026-01-30T12:45,285.0
2026-01-30T13:45,239.0
2026-01-30T14:30,160.0
2026-01-30T15:30,98.0
2026-01-30T16:30,8.0
2026-01-30T17:30,0.0
2026-01-30T18:30,0.0
2026-01-30T19:30,0.0
2026-01-30T20:30,0.0
2026-01-30T21:15,0.0
2026-01-30T22:15,0.0
2026-01-30T23:15,0.0
2026-01-31T01:45,0.0
2026-01-31T04:00,0.0
2026-01-31T05:30,0.0
2026-01-31T06:30,0.0
2026-01-31T07:15,0.0
2026-01-31T08:30,37.0
2026-01-31T09:15,111.0
2026-01-31T10:15,125.0
2026-01-31T11:15,256.0
2026-01-31T12:45,276.0
2026-01-31T13:30,230.0
2026-01-31T14:15,149.0
2026-01-31T15:15,88.0
2026-01-31T16:15,22.0
2026-01-31T17:15,0.0
2026-01-31T18:30,0.0
2026-01-31T19:15,0.0
2026-01-31T20:15,0.0
2026-01-31T21:15,0.0
2026-01-31T22:15,0.0
2026-01-31T23:15,0.0
2026-02-01T02:15,0.0
2026-02-01T05:00,0.0
2026-02-01T06:45,0.0
2026-02-01T07:30,0.0
2026-02-01T08:30,19.0
2026-02-01T09:30,38.0
2026-02-01T10:15,70.0
2026-02-01T11:15,98.0
2026-02-01T12:45,100.0
2026-02-01T13:30,157.0
2026-02-01T14:15,103.0
2026-02-01T15:15,22.0
2026-02-01T16:30,8.0
2026-02-01T17:15,0.0
2026-02-01T18:30,0.0
2026-02-01T19:15,0.0
2026-02-01T20:15,0.0
2026-02-01T21:15,0.0
2026-02-01T22:15,0.0
2026-02-01T23:15,0.0
2026-02-02T02:00,0.0
2026-02-02T04:45,0.0
2026-02-02T06:00,0.0
2026-02-02T07:45,0.0
2026-02-02T08:30,16.0
2026-02-02T09:45,109.0
2026-02-02T10:30,66.0
2026-02-02T11:30,45.0
2026-02-02T13:00,218.0
2026-02-02T14:30,55.0
2026-02-02T15:30,37.0
2026-02-02T16:30,7.0
2026-02-02T17:30,0.0
2026-02-02T18:30,0.0
2026-02-02T23:15,0.0
2026-02-03T02:00,0.0
2026-02-03T04:45,0.0
2026-02-03T06:45,0.0
2026-02-03T07:30,0.0
2026-02-03T08:30,11.0
2026-02-03T09:30,19.0
2026-02-03T10:30,33.0
2026-02-03T11:30,35.0
2026-02-03T13:00,37.0
2026-02-03T14:30,28.0
2026-02-03T15:45,13.0
2026-02-03T16:45,1.0
2026-02-03T17:45,0.0
2026-02-03T18:45,0.0
2026-02-03T19:45,0.0
2026-02-03T20:30,0.0
2026-02-03T21:30,0.0
2026-02-03T22:30,0.0
2026-02-03T23:15,0.0
2026-02-04T02:00,0.0
2026-02-04T04:15,0.0
2026-02-04T05:45,0.0
2026-02-04T06:45,0.0
2026-02-04T07:30,0.0
2026-02-04T08:30,61.0
2026-02-04T09:30,158.0
2026-02-04T10:30,232.0
2026-02-04T11:30,282.0
2026-02-04T12:45,342.0
2026-02-04T14:00,293.0
2026-02-04T15:30,145.0
2026-02-04T16:45,10.0
2026-02-04T17:30,0.0
2026-02-04T18:45,0.0
2026-02-04T19:30,0.0
2026-02-04T20:30,0.0
2026-02-04T21:30,0.0
2026-02-04T22:15,0.0
2026-02-04T23:15,0.0
2026-02-05T02:00,0.0
2026-02-05T04:45,0.0
2026-02-05T05:45,0.0
2026-02-05T06:45,0.0
2026-02-05T07:45,0.0
2026-02-05T08:30,13.0
2026-02-05T09:45,41.0
2026-02-05T10:30,45.0
2026-02-05T11:30,35.0
2026-02-05T13:00,51.0
2026-02-05T14:30,37.0
2026-02-05T15:30,19.0
2026-02-05T16:45,3.0
2026-02-05T17:45,0.0
2026-02-05T18:45,0.0
2026-02-05T19:30,0.0
2026-02-05T20:30,0.0
2026-02-05T21:15,0.0
2026-02-05T22:15,0.0
2026-02-05T23:15,0.0
2026-02-06T02:00,0.0
2026-02-06T04:45,0.0
2026-02-06T05:45,0.0
2026-02-06T06:45,0.0
2026-02-06T07:45,1.0
2026-02-06T08:30,22.0
2026-02-06T09:30,24.0
2026-02-06T10:30,29.0
2026-02-06T11:30,32.0
2026-02-06T14:00,103.0
2026-02-06T15:30,24.0
2026-02-06T16:30,10.0
2026-02-06T17:30,0.0
2026-02-06T18:45,0.0
2026-02-06T19:30,0.0
2026-02-06T20:30,0.0
2026-02-06T21:30,0.0
2026-02-06T22:15,0.0
2026-02-06T23:15,0.0
2026-02-07T02:00,0.0
2026-02-07T04:15,0.0
2026-02-07T05:30,0.0
2026-02-07T06:30,0.0
2026-02-07T07:30,0.0
2026-02-07T08:30,14.0
2026-02-07T09:30,27.0
2026-02-07T10:15,52.0
2026-02-07T11:15,50.0
2026-02-07T12:45,140.0
2026-02-07T13:30,192.0
2026-02-07T14:15,120.0
2026-02-07T15:15,44.0
2026-02-07T16:30,7.0
2026-02-07T17:15,0.0
2026-02-07T18:30,0.0
2026-02-07T19:15,0.0
2026-02-07T20:15,0.0
2026-02-07T21:15,0.0
2026-02-07T22:15,0.0
2026-02-07T23:15,0.0
2026-02-08T02:30,0.0
2026-02-08T05:00,0.0
2026-02-08T06:45,0.0
2026-02-08T07:30,0.0
2026-02-08T08:30,57.0
2026-02-08T09:30,115.0
2026-02-08T10:15,199.0
2026-02-08T11:15,188.0
2026-02-08T12:45,172.0
2026-02-08T13:30,164.0
2026-02-08T14:15,154.0
2026-02-08T15:15,114.0
2026-02-08T16:30,28.0
2026-02-08T17:15,0.0
2026-02-08T18:30,0.0
2026-02-08T19:15,0.0
2026-02-08T20:15,0.0
2026-02-08T21:15,0.0
2026-02-08T22:15,0.0
2026-02-08T23:30,0.0
2026-02-09T02:00,0.0
2026-02-09T05:00,0.0
2026-02-09T07:00,0.0
2026-02-09T08:45,69.0
2026-02-09T10:00,121.0
2026-02-09T11:30,234.0
2026-02-09T13:00,290.0
2026-02-09T14:45,136.0
2026-02-09T15:45,111.0
2026-02-09T17:45,0.0
2026-02-09T19:15,0.0
2026-02-09T20:30,0.0
2026-02-09T21:30,0.0
2026-02-09T22:30,0.0
2026-02-09T23:30,0.0
2026-02-10T02:15,0.0
2026-02-10T05:00,0.0
2026-02-10T07:00,0.0
2026-02-10T08:45,27.0
2026-02-10T10:00,23.0
2026-02-10T11:45,61.0
2026-02-10T13:00,146.0
2026-02-10T14:45,43.0
2026-02-10T16:00,16.0
2026-02-10T18:00,0.0
2026-02-10T19:45,0.0
2026-02-10T20:45,0.0
2026-02-10T21:30,0.0
2026-02-10T22:30,0.0
2026-02-10T23:30,0.0
2026-02-11T02:15,0.0
2026-02-11T05:00,0.0
2026-02-11T07:00,0.0
2026-02-11T08:45,48.0
2026-02-11T09:45,93.0
2026-02-11T10:45,116.0
2026-02-11T11:30,163.0
2026-02-11T13:00,199.0
2026-02-11T14:45,131.0
2026-02-11T16:00,78.0
2026-02-11T17:45,0.0
2026-02-11T19:00,0.0
2026-02-11T20:30,0.0
2026-02-11T21:30,0.0
2026-02-11T22:15,0.0
2026-02-11T23:30,0.0
2026-02-12T02:00,0.0
2026-02-12T04:45,0.0
2026-02-12T06:00,0.0
2026-02-12T07:45,9.0
2026-02-12T08:45,68.0
2026-02-12T09:45,52.0
2026-02-12T10:45,108.0
2026-02-12T11:30,143.0
2026-02-12T13:00,72.0
2026-02-12T14:45,79.0
2026-02-12T15:45,11.0
2026-02-12T16:45,4.0
2026-02-12T18:00,0.0
2026-02-12T19:15,0.0
2026-02-12T20:30,0.0
2026-02-12T21:30,0.0
2026-02-12T22:30,0.0
2026-02-12T23:15,0.0
2026-02-13T02:15,0.0
2026-02-13T04:45,0.0
2026-02-13T05:45,0.0
2026-02-13T07:00,0.0
2026-02-13T08:30,55.0
2026-02-13T09:30,95.0
2026-02-13T10:30,136.0
2026-02-13T11:30,147.0
2026-02-13T14:00,99.0
2026-02-13T15:30,25.0
2026-02-13T16:45,8.0
2026-02-13T17:30,0.0
2026-02-13T18:45,0.0
2026-02-13T19:30,0.0
2026-02-13T20:30,0.0
2026-02-13T21:30,0.0
2026-02-13T22:30,0.0
2026-02-13T23:30,0.0
2026-02-14T02:00,0.0
2026-02-14T04:30,0.0
2026-02-14T05:30,0.0
2026-02-14T06:45,0.0
2026-02-14T07:30,2.0
2026-02-14T08:30,108.0
2026-02-14T09:30,240.0
2026-02-14T10:15,324.0
2026-02-14T11:15,402.0
2026-02-14T12:45,425.0
2026-02-14T13:30,387.0
2026-02-14T14:15,262.0
2026-02-14T15:15,153.0
2026-02-14T16:15,97.0
2026-02-14T17:15,1.0
2026-02-14T18:30,0.0
2026-02-14T19:15,0.0
2026-02-14T20:15,0.0
2026-02-14T21:15,0.0
2026-02-14T22:15,0.0
2026-02-14T23:15,0.0
2026-02-15T02:15,0.0
2026-02-15T04:45,0.0
2026-02-15T05:45,0.0
2026-02-15T06:45,0.0
2026-02-15T07:30,1.0
2026-02-15T08:30,10.0
2026-02-15T09:30,23.0
2026-02-15T10:15,33.0
2026-02-15T11:15,56.0
2026-02-15T12:45,32.0
2026-02-15T13:45,35.0
2026-02-15T14:15,42.0
2026-02-15T15:15,43.0
2026-02-15T16:30,18.0
2026-02-15T17:15,1.0
2026-02-15T18:30,0.0
2026-02-15T19:15,0.0
2026-02-15T20:15,0.0
2026-02-15T21:15,0.0
2026-02-15T22:15,0.0
2026-02-15T23:15,0.0
2026-02-16T02:00,0.0
2026-02-16T04:45,0.0
2026-02-16T06:00,0.0
2026-02-16T07:45,15.0
2026-02-16T08:45,94.0
2026-02-16T09:45,200.0
2026-02-16T10:45,196.0
2026-02-16T11:30,273.0
2026-02-16T13:00,76.0
2026-02-16T14:30,32.0
2026-02-16T15:30,130.0
2026-02-16T16:30,39.0
2026-02-16T17:30,0.0
2026-02-16T18:30,0.0
2026-02-16T19:30,0.0
2026-02-16T20:30,0.0
2026-02-16T21:15,0.0
2026-02-16T22:15,0.0
2026-02-16T23:15,0.0
2026-02-17T02:00,0.0
2026-02-17T04:45,0.0
2026-02-17T05:45,0.0
2026-02-17T07:00,0.0
2026-02-17T08:45,153.0
2026-02-17T09:45,286.0
2026-02-17T10:30,364.0
2026-02-17T11:30,431.0
2026-02-17T13:00,409.0
2026-02-17T14:30,267.0
2026-02-17T15:45,131.0
2026-02-17T16:45,37.0
2026-02-17T17:45,0.0
2026-02-17T19:00,0.0
2026-02-17T20:30,0.0
2026-02-17T21:30,0.0
2026-02-17T22:30,0.0
2026-02-17T23:15,0.0
2026-02-18T02:00,0.0
2026-02-18T04:45,0.0
2026-02-18T06:00,0.0
2026-02-18T07:45,11.0
2026-02-18T08:45,46.0
2026-02-18T09:45,81.0
2026-02-18T11:30,111.0
2026-02-18T13:00,145.0
2026-02-18T14:30,84.0
2026-02-18T15:45,24.0
2026-02-18T17:00,3.0
2026-02-18T18:45,0.0
2026-02-18T19:45,0.0
2026-02-18T20:30,0.0
2026-02-18T21:30,0.0
2026-02-18T22:30,0.0
2026-02-18T23:15,0.0
2026-02-19T02:00,0.0
2026-02-19T04:45,0.0
2026-02-19T05:45,0.0
2026-02-19T07:00,0.0
2026-02-19T08:30,28.0
2026-02-19T09:45,78.0
2026-02-19T10:30,183.0
2026-02-19T11:30,162.0
2026-02-19T13:00,181.0
2026-02-19T14:45,89.0
2026-02-19T16:45,14.0
2026-02-19T17:45,0.0
2026-02-19T18:45,0.0
2026-02-19T19:30,0.0
2026-02-19T20:30,0.0
2026-02-19T21:30,0.0
2026-02-19T22:30,0.0
2026-02-19T23:30,0.0
2026-02-20T02:00,0.0
2026-02-20T04:45,0.0
2026-02-20T05:45,0.0
2026-02-20T06:45,0.0
2026-02-20T07:45,23.0
2026-02-20T08:30,101.0
2026-02-20T09:30,179.0
2026-02-20T10:30,205.0
2026-02-20T11:30,251.0
2026-02-20T12:45,91.0
2026-02-20T14:00,69.0
2026-02-20T15:30,28.0
2026-02-20T16:30,22.0
2026-02-20T17:30,0.0
2026-02-20T18:45,0.0
2026-02-20T19:30,0.0
2026-02-20T20:30,0.0
2026-02-20T21:15,0.0
2026-02-20T22:15,0.0
2026-02-20T23:15,0.0
2026-02-21T02:00,0.0
2026-02-21T04:00,0.0
2026-02-21T05:30,0.0
2026-02-21T06:30,0.0
2026-02-21T07:30,12.0
2026-02-21T08:30,84.0
2026-02-21T10:15,116.0
2026-02-21T11:15,165.0
2026-02-21T12:45,303.0
2026-02-21T13:30,182.0
2026-02-21T14:15,100.0
2026-02-21T15:15,68.0
2026-02-21T16:15,31.0
2026-02-21T17:15,5.0
2026-02-21T18:30,0.0
2026-02-21T19:15,0.0
2026-02-21T20:15,0.0
2026-02-21T21:15,0.0
2026-02-21T22:15,0.0
2026-02-21T23:15,0.0
2026-02-22T02:00,0.0
2026-02-22T04:45,0.0
2026-02-22T05:45,0.0
2026-02-22T06:45,0.0
2026-02-22T07:30,2.0
2026-02-22T08:30,15.0
2026-02-22T09:30,22.0
2026-02-22T10:15,39.0
2026-02-22T11:15,183.0
2026-02-22T12:45,292.0
2026-02-22T13:30,262.0
2026-02-22T14:15,311.0
2026-02-22T15:15,203.0
2026-02-22T16:30,87.0
2026-02-22T17:15,16.0
2026-02-22T18:30,0.0
2026-02-22T19:15,0.0
2026-02-22T20:15,0.0
2026-02-22T21:15,0.0
2026-02-22T22:15,0.0
2026-02-22T23:15,0.0
2026-02-23T02:00,0.0
2026-02-23T04:45,0.0
2026-02-23T06:00,0.0
2026-02-23T07:45,21.0
2026-02-23T08:45,124.0
2026-02-23T09:45,209.0
2026-02-23T10:45,194.0
2026-02-23T11:30,162.0
2026-02-23T13:00,177.0
2026-02-23T14:45,40.0
2026-02-23T15:45,26.0
2026-02-23T16:45,9.0
2026-02-23T18:00,0.0
2026-02-23T19:45,0.0
2026-02-23T20:45,0.0
2026-02-23T21:30,0.0
2026-02-23T22:30,0.0
2026-02-23T23:30,0.0
2026-02-24T02:00,0.0
2026-02-24T04:45,0.0
2026-02-24T05:45,0.0
2026-02-24T07:00,0.0
2026-02-24T08:45,67.0
2026-02-24T09:45,134.0
2026-02-24T10:45,211.0
2026-02-24T11:30,296.0
2026-02-24T13:00,220.0
2026-02-24T14:45,266.0
2026-02-24T15:45,154.0
2026-02-24T17:00,45.0
2026-02-24T19:00,0.0
2026-02-24T20:30,0.0
2026-02-24T21:30,0.0
2026-02-24T22:30,0.0
2026-02-24T23:30,0.0
2026-02-25T02:00,0.0
2026-02-25T04:45,0.0
2026-02-25T06:00,0.0
2026-02-25T07:45,53.0
2026-02-25T08:45,185.0
2026-02-25T09:45,313.0
2026-02-25T10:45,402.0
2026-02-25T11:30,452.0
2026-02-25T13:00,460.0
2026-02-25T14:45,338.0
2026-02-25T16:00,179.0
2026-02-25T17:45,0.0
2026-02-25T19:00,0.0
2026-02-25T20:30,0.0
2026-02-25T21:30,0.0
2026-02-25T22:30,0.0
2026-02-25T23:15,0.0
2026-02-26T02:00,0.0
2026-02-26T04:45,0.0
2026-02-26T05:45,0.0
2026-02-26T07:00,0.0
2026-02-26T08:45,84.0
2026-02-26T09:45,68.0
2026-02-26T10:45,105.0
2026-02-26T11:30,127.0
2026-02-26T13:00,281.0
2026-02-26T14:45,113.0
2026-02-26T15:45,65.0
2026-02-26T16:45,35.0
2026-02-26T18:00,0.0
2026-02-26T19:30,0.0
2026-02-26T20:30,0.0
2026-02-26T21:30,0.0
2026-02-26T22:30,0.0
2026-02-26T23:30,0.0
2026-02-27T02:00,0.0
2026-02-27T04:30,0.0
2026-02-27T05:45,0.0
2026-02-27T06:45,0.0
2026-02-27T07:45,4.0
2026-02-27T08:30,21.0
2026-02-27T09:30,52.0
2026-02-27T10:30,136.0
2026-02-27T11:30,253.0
2026-02-27T12:45,69.0
2026-02-27T14:00,125.0
2026-02-27T15:30,60.0
2026-02-27T16:30,77.0
2026-02-27T17:30,1.0
2026-02-27T18:30,0.0
2026-02-27T19:30,0.0
2026-02-27T20:15,0.0
2026-02-27T21:15,0.0
2026-02-27T22:15,0.0
2026-02-27T23:15,0.0
2026-02-28T01:45,0.0
2026-02-28T03:45,0.0
2026-02-28T04:45,0.0
2026-02-28T05:30,0.0
2026-02-28T06:30,0.0
2026-02-28T07:15,4.0
2026-02-28T08:30,64.0
2026-02-28T09:15,90.0
2026-02-28T10:15,143.0
2026-02-28T11:15,216.0
2026-02-28T12:45,150.0
2026-02-28T13:30,136.0
2026-02-28T14:15,286.0
2026-02-28T15:15,135.0
2026-02-28T16:15,95.0
2026-02-28T17:15,10.0
2026-02-28T18:30,0.0
2026-02-28T19:15,0.0
2026-02-28T20:15,0.0
2026-02-28T21:15,0.0
2026-02-28T22:15,0.0
2026-02-28T23:15,0.0
2026-03-01T02:15,0.0
2026-03-01T04:45,0.0
2026-03-01T05:45,0.0
2026-03-01T06:45,0.0
2026-03-01T07:30,8.0
2026-03-01T08:30,18.0
2026-03-01T09:30,75.0
2026-03-01T10:15,85.0
2026-03-01T11:15,84.0
2026-03-01T12:45,141.0
2026-03-01T13:30,165.0
2026-03-01T14:15,101.0
2026-03-01T15:15,76.0
2026-03-01T16:15,14.0
2026-03-01T17:15,0.0
2026-03-01T18:30,0.0
2026-03-01T19:15,0.0
2026-03-01T20:15,0.0
2026-03-01T21:15,0.0
2026-03-01T22:15,0.0
2026-03-01T23:15,0.0
2026-03-02T02:00,0.0
2026-03-02T04:45,0.0
2026-03-02T05:45,0.0
2026-03-02T06:45,0.0
2026-03-02T07:45,70.0
2026-03-02T08:45,152.0
2026-03-02T09:45,339.0
2026-03-02T10:30,380.0
2026-03-02T11:30,445.0
2026-03-02T12:45,492.0
2026-03-02T14:00,422.0
2026-03-02T15:30,249.0
2026-03-02T16:45,81.0
2026-03-02T17:30,2.0
2026-03-02T18:45,0.0
2026-03-02T19:30,0.0
2026-03-02T20:30,0.0
2026-03-02T21:30,0.0
2026-03-02T22:15,0.0
2026-03-02T23:15,0.0
2026-03-03T02:00,0.0
2026-03-03T04:45,0.0
2026-03-03T05:45,0.0
2026-03-03T06:45,0.0
2026-03-03T07:30,60.0
2026-03-03T08:30,189.0
2026-03-03T09:30,327.0
2026-03-03T10:30,427.0
2026-03-03T11:30,403.0
2026-03-03T12:45,498.0
2026-03-03T14:00,242.0
2026-03-03T15:45,70.0
2026-03-03T16:45,66.0
2026-03-03T17:30,2.0
2026-03-03T18:45,0.0
2026-03-03T19:30,0.0
2026-03-03T20:30,0.0
2026-03-03T21:30,0.0
2026-03-03T22:15,0.0
2026-03-03T23:15,0.0
2026-03-04T02:00,0.0
2026-03-04T04:30,0.0
2026-03-04T05:30,0.0
2026-03-04T06:45,0.0
2026-03-04T07:30,30.0
2026-03-04T08:30,90.0
2026-03-04T09:30,169.0
2026-03-04T10:30,353.0
2026-03-04T11:30,483.0
2026-03-04T12:45,506.0
2026-03-04T13:45,454.0
2026-03-04T14:45,361.0
2026-03-04T15:30,259.0
2026-03-04T16:30,115.0
2026-03-04T17:30,2.0
2026-03-04T18:45,0.0
2026-03-04T19:30,0.0
2026-03-04T20:30,0.0
2026-03-04T21:30,0.0
2026-03-04T22:30,0.0
2026-03-04T23:15,0.0
2026-03-05T02:00,0.0
2026-03-05T04:30,0.0
2026-03-05T05:45,0.0
2026-03-05T06:45,0.0
2026-03-05T07:30,73.0
2026-03-05T08:30,192.0
2026-03-05T09:30,343.0
2026-03-05T10:30,448.0
2026-03-05T11:30,507.0
2026-03-05T13:00,498.0
2026-03-05T14:30,369.0
2026-03-05T15:45,235.0
2026-03-05T18:00,0.0
2026-03-05T19:45,0.0
2026-03-05T20:30,0.0
2026-03-05T21:30,0.0
2026-03-05T22:30,0.0
2026-03-05T23:45,0.0
2026-03-06T02:00,0.0
2026-03-06T04:30,0.0
2026-03-06T05:45,0.0
2026-03-06T06:45,0.0
2026-03-06T07:30,77.0
2026-03-06T08:30,205.0
2026-03-06T09:30,251.0
2026-03-06T10:30,222.0
2026-03-06T11:15,324.0
2026-03-06T12:45,188.0
2026-03-06T13:45,86.0
2026-03-06T14:30,84.0
2026-03-06T15:30,57.0
2026-03-06T16:30,25.0
2026-03-06T17:30,0.0
2026-03-06T18:45,0.0
2026-03-06T19:30,0.0
2026-03-06T20:30,0.0
2026-03-06T21:15,0.0
2026-03-06T22:15,0.0
2026-03-06T23:15,0.0
2026-03-07T01:45,0.0
2026-03-07T04:00,0.0
2026-03-07T05:30,0.0
2026-03-07T06:30,0.0
2026-03-07T07:15,9.0
2026-03-07T08:30,46.0
2026-03-07T09:15,62.0
2026-03-07T10:15,126.0
2026-03-07T11:15,147.0
2026-03-07T12:45,184.0
2026-03-07T13:30,231.0
2026-03-07T14:15,172.0
2026-03-07T15:15,114.0
2026-03-07T16:15,59.0
2026-03-07T17:15,10.0
2026-03-07T18:30,0.0
2026-03-07T19:15,0.0
2026-03-07T20:15,0.0
2026-03-07T21:15,0.0
2026-03-07T22:15,0.0
2026-03-07T23:15,0.0
2026-03-08T02:00,0.0
2026-03-08T04:30,0.0
2026-03-08T05:30,0.0
2026-03-08T06:30,0.0
2026-03-08T07:30,25.0
2026-03-08T08:30,51.0
2026-03-08T09:15,92.0
2026-03-08T10:15,140.0
2026-03-08T11:15,226.0
2026-03-08T12:45,325.0
2026-03-08T13:30,304.0
2026-03-08T14:15,249.0
2026-03-08T15:15,180.0
2026-03-08T16:15,100.0
2026-03-08T18:30,0.0
2026-03-08T19:15,0.0
2026-03-08T20:15,0.0
2026-03-08T21:15,0.0
2026-03-08T22:15,0.0
2026-03-08T23:15,0.0
2026-03-09T02:00,0.0
2026-03-09T04:45,0.0
2026-03-09T05:45,0.0
2026-03-09T07:00,8.0
2026-03-09T08:30,90.0
2026-03-09T09:45,188.0
2026-03-09T10:45,200.0
2026-03-09T11:30,297.0
2026-03-09T13:00,189.0
2026-03-09T14:45,114.0
2026-03-09T15:45,79.0
2026-03-09T17:00,29.0
2026-03-09T18:45,0.0
2026-03-09T19:30,0.0
2026-03-09T20:30,0.0
2026-03-09T21:30,0.0
2026-03-09T22:15,0.0
2026-03-09T23:15,0.0
2026-03-10T02:00,0.0
2026-03-10T04:30,0.0
2026-03-10T05:45,0.0
2026-03-10T06:45,2.0
2026-03-10T07:30,32.0
2026-03-10T08:30,127.0
2026-03-10T09:30,205.0
2026-03-10T10:30,284.0
2026-03-10T11:30,274.0
2026-03-10T13:00,397.0
2026-03-10T14:45,275.0
2026-03-10T15:45,164.0
2026-03-10T17:00,38.0
2026-03-10T18:45,0.0
2026-03-10T19:30,0.0
2026-03-10T20:30,0.0
2026-03-10T21:15,0.0
2026-03-10T22:15,0.0
2026-03-10T23:15,0.0
2026-03-11T02:00,0.0
2026-03-11T04:30,0.0
2026-03-11T05:45,0.0
2026-03-11T06:45,9.0
2026-03-11T07:30,74.0
2026-03-11T08:30,187.0
2026-03-11T09:30,213.0
2026-03-11T10:30,275.0
2026-03-11T11:30,382.0
2026-03-11T13:00,395.0
2026-03-11T14:30,332.0
2026-03-11T15:45,308.0
2026-03-11T16:45,137.0
2026-03-11T17:45,0.0
2026-03-11T18:45,0.0
2026-03-11T19:30,0.0
2026-03-11T20:30,0.0
2026-03-11T21:30,0.0
2026-03-11T22:15,0.0
2026-03-11T23:15,0.0
2026-03-12T02:00,0.0
2026-03-12T04:45,0.0
2026-03-12T05:45,0.0
2026-03-12T06:45,10.0
2026-03-12T07:45,60.0
2026-03-12T08:30,117.0
2026-03-12T09:30,164.0
2026-03-12T10:30,171.0
2026-03-12T11:30,166.0
2026-03-12T13:00,146.0
2026-03-12T14:00,146.0
2026-03-12T15:45,79.0
2026-03-12T17:00,14.0
2026-03-12T18:45,0.0
2026-03-12T19:30,0.0
2026-03-12T20:30,0.0
2026-03-12T21:30,0.0
2026-03-12T22:15,0.0
2026-03-12T23:15,0.0
2026-03-13T02:00,0.0
2026-03-13T04:30,0.0
2026-03-13T05:45,0.0
2026-03-13T06:45,10.0
2026-03-13T07:45,24.0
2026-03-13T08:30,148.0
2026-03-13T09:30,159.0
2026-03-13T10:30,196.0
2026-03-13T11:30,260.0
2026-03-13T12:45,349.0
2026-03-13T14:00,260.0
2026-03-13T15:30,137.0
2026-03-13T16:30,67.0
2026-03-13T17:30,2.0
2026-03-13T18:30,0.0
2026-03-13T19:30,0.0
2026-03-13T20:30,0.0
2026-03-13T21:30,0.0
2026-03-13T22:15,0.0
2026-03-13T23:15,0.0
2026-03-14T02:00,0.0
2026-03-14T04:30,0.0
2026-03-14T05:45,0.0
2026-03-14T06:45,16.0
2026-03-14T07:30,91.0
2026-03-14T08:30,276.0
2026-03-14T09:30,372.0
2026-03-14T10:15,368.0
2026-03-14T11:15,468.0
2026-03-14T12:45,459.0
2026-03-14T13:45,473.0
2026-03-14T14:15,375.0
2026-03-14T15:15,311.0
2026-03-14T16:30,167.0
2026-03-14T17:15,31.0
2026-03-14T18:30,0.0
2026-03-14T19:15,0.0
2026-03-14T20:15,0.0
2026-03-14T21:15,0.0
2026-03-14T22:15,0.0
2026-03-14T23:15,0.0
2026-03-15T02:15,0.0
2026-03-15T05:00,0.0
2026-03-15T06:45,22.0
2026-03-15T07:45,164.0
2026-03-15T08:30,171.0
2026-03-15T09:30,309.0
2026-03-15T10:30,350.0
2026-03-15T11:15,343.0
2026-03-15T12:45,222.0
2026-03-15T13:45,213.0
2026-03-15T14:30,49.0
2026-03-15T15:15,26.0
2026-03-15T16:30,36.0
2026-03-15T17:15,5.0
2026-03-15T18:30,0.0
2026-03-15T19:15,0.0
2026-03-15T21:15,0.0
2026-03-15T22:15,0.0
2026-03-15T23:15,0.0
2026-03-16T02:15,0.0
2026-03-16T05:15,0.0
2026-03-16T07:15,89.0
2026-03-16T08:45,273.0
2026-03-16T10:00,347.0
2026-03-16T11:45,370.0
2026-03-16T13:00,261.0
2026-03-16T14:45,158.0
2026-03-16T16:00,49.0
2026-03-16T17:45,0.0
2026-03-16T19:15,0.0
2026-03-16T20:30,0.0
2026-03-16T21:30,0.0
2026-03-16T22:30,0.0
2026-03-16T23:30,0.0
2026-03-17T02:00,0.0
2026-03-17T04:45,0.0
2026-03-17T05:45,0.0
2026-03-17T07:15,54.0
2026-03-17T08:45,175.0
